ts,symbol,name_cn,side,qty,price,fee,pnl,reason
2025-08-20T23:37:58.828946,ETHUSDT,ETHUSDT,buy,0.114573,4366.212015,0.250125,0.0,auto
2025-08-20T23:37:58.829953,BTCUSDT,BTCUSDT,buy,0.00436576,114584.8638,0.250125,0.0,auto
2025-08-20T23:37:58.829953,SOLUSDT,SOLUSDT,buy,2.6699418,187.363635,0.250125,0.0,auto
2025-08-20T23:37:58.829953,XRPUSDT,XRPUSDT,buy,168.45793605,2.969584,0.250125,0.0,auto
2025-08-20T23:37:58.830959,LINKUSDT,LINKUSDT,buy,18.76947333,26.65232,0.250125,0.0,auto
2025-08-20T23:37:58.830959,DOGEUSDT,DOGEUSDT,buy,2246.38332285,0.222691,0.250125,0.0,auto
2025-08-20T23:37:58.831964,ADAUSDT,ADAUSDT,buy,564.46150373,0.886243,0.250125,0.0,auto
2025-08-20T23:37:58.831964,API3USDT,API3USDT,sell,344.94653329,1.448775,0.249875,0.0,auto
2025-08-20T23:37:58.833977,BNBUSDT,BNBUSDT,buy,0.57071762,876.528045,0.250125,0.0,auto
2025-08-20T23:37:58.833977,BIOUSDT,BIOUSDT,buy,3359.3120129,0.148914,0.250125,0.0,auto
2025-08-20T23:37:58.833977,SUIUSDT,SUIUSDT,buy,139.87187736,3.576487,0.250125,0.0,auto
2025-08-20T23:38:12.643945,ETHUSDT,ETHUSDT,sell,0.0003152,4361.847985,0.000687,0.0,auto
2025-08-20T23:38:12.643945,BTCUSDT,BTCUSDT,sell,1.201e-05,114470.3362,0.000687,0.0,auto
2025-08-20T23:38:12.644944,SOLUSDT,SOLUSDT,sell,0.00734534,187.176365,0.000687,0.0,auto
2025-08-20T23:38:12.644944,XRPUSDT,XRPUSDT,sell,0.46344884,2.966616,0.000687,0.0,auto
2025-08-20T23:38:12.644944,LINKUSDT,LINKUSDT,sell,0.05163717,26.62568,0.000687,0.0,auto
2025-08-20T23:38:12.646140,DOGEUSDT,DOGEUSDT,sell,6.18008132,0.222469,0.000687,0.0,auto
2025-08-20T23:38:12.646140,ADAUSDT,ADAUSDT,sell,1.55290415,0.885357,0.000687,0.0,auto
2025-08-20T23:38:12.646140,API3USDT,API3USDT,buy,0.94899103,1.450225,0.000688,0.0,auto
2025-08-20T23:38:12.647157,BNBUSDT,BNBUSDT,sell,0.00157012,875.651955,0.000687,0.0,auto
2025-08-20T23:38:12.647157,BIOUSDT,BIOUSDT,sell,9.24188726,0.148766,0.000687,0.0,auto
2025-08-20T23:38:12.647157,SUIUSDT,SUIUSDT,sell,0.38480502,3.572913,0.000687,0.0,auto
2025-08-20T23:38:12.647157,ENAUSDT,ENAUSDT,buy,755.37712089,0.66043,0.249437,0.0,auto
2025-08-20T23:38:12.648547,1000PEPEUSDT,1000PEPEUSDT,buy,46616.53445584,0.010702,0.249437,0.0,auto
2025-08-20T23:38:12.648547,MEMEUSDT,MEMEUSDT,buy,173615.75121866,0.002873,0.249437,0.0,auto
2025-08-20T23:38:12.648547,AIOTUSDT,AIOTUSDT,sell,297.65069096,1.674362,0.249188,0.0,auto
2025-08-20T23:38:12.649587,ARBUSDT,ARBUSDT,buy,968.57893842,0.515057,0.249437,0.0,auto
2025-08-20T23:38:12.649587,AVAXUSDT,AVAXUSDT,buy,21.19100882,23.541765,0.249437,0.0,auto
2025-08-20T23:38:12.649587,FARTCOINUSDT,FARTCOINUSDT,buy,540.28002763,0.923361,0.249437,0.0,auto
2025-08-20T23:38:12.649587,PENGUUSDT,PENGUUSDT,buy,15528.15040017,0.032127,0.249437,0.0,auto
2025-08-20T23:38:12.649587,HYPEUSDT,HYPEUSDT,buy,11.53742509,43.239609,0.249437,0.0,auto
2025-08-20T23:38:12.651061,LTCUSDT,LTCUSDT,buy,4.27636739,116.6583,0.249437,0.0,auto
2025-08-20T23:38:12.651061,PUMPUSDT,PUMPUSDT,buy,156455.738155,0.003189,0.249437,0.0,auto
2025-08-20T23:38:25.399400,ETHUSDT,ETHUSDT,sell,0.0003152,4361.847985,0.000687,0.0,auto
2025-08-20T23:38:25.400399,BTCUSDT,BTCUSDT,sell,1.201e-05,114470.3362,0.000687,0.0,auto
2025-08-20T23:38:25.400399,SOLUSDT,SOLUSDT,sell,0.00734533,187.176365,0.000687,0.0,auto
2025-08-20T23:38:25.401419,XRPUSDT,XRPUSDT,sell,0.4634478,2.966616,0.000687,0.0,auto
2025-08-20T23:38:25.401419,LINKUSDT,LINKUSDT,sell,0.05163705,26.62568,0.000687,0.0,auto
2025-08-20T23:38:25.402440,DOGEUSDT,DOGEUSDT,sell,6.18006741,0.222469,0.000687,0.0,auto
2025-08-20T23:38:25.402440,ADAUSDT,ADAUSDT,sell,1.55290066,0.885357,0.000687,0.0,auto
2025-08-20T23:38:25.403439,API3USDT,API3USDT,buy,0.9489889,1.450225,0.000688,0.0,auto
2025-08-20T23:38:25.403439,BNBUSDT,BNBUSDT,sell,0.00157011,875.651955,0.000687,0.0,auto
2025-08-20T23:38:25.404440,BIOUSDT,BIOUSDT,sell,9.24186647,0.148766,0.000687,0.0,auto
2025-08-20T23:38:25.404440,SUIUSDT,SUIUSDT,sell,0.38480415,3.572913,0.000687,0.0,auto
2025-08-20T23:38:25.405438,ENAUSDT,ENAUSDT,sell,2.08386518,0.65977,0.000687,0.0,auto
2025-08-20T23:38:25.405438,1000PEPEUSDT,1000PEPEUSDT,sell,128.60142339,0.010691,0.000687,0.0,auto
2025-08-20T23:38:25.405438,MEMEUSDT,MEMEUSDT,sell,478.95522458,0.002871,0.000687,0.0,auto
2025-08-20T23:38:25.406811,AIOTUSDT,AIOTUSDT,buy,0.82113145,1.676038,0.000688,0.0,auto
2025-08-20T23:38:25.406811,ARBUSDT,ARBUSDT,sell,2.67202682,0.514543,0.000687,0.0,auto
2025-08-20T23:38:25.407810,AVAXUSDT,AVAXUSDT,sell,0.05845981,23.518235,0.000687,0.0,auto
2025-08-20T23:38:25.407810,FARTCOINUSDT,FARTCOINUSDT,sell,1.49047503,0.922439,0.000687,0.0,auto
2025-08-20T23:38:25.407810,PENGUUSDT,PENGUUSDT,sell,42.83763835,0.032095,0.000687,0.0,auto
2025-08-20T23:38:25.407810,HYPEUSDT,HYPEUSDT,sell,0.03182839,43.196391,0.000687,0.0,auto
2025-08-20T23:38:25.409291,LTCUSDT,LTCUSDT,sell,0.01179725,116.5417,0.000687,0.0,auto
2025-08-20T23:38:25.409291,PUMPUSDT,PUMPUSDT,sell,431.61575305,0.003185,0.000687,0.0,auto
2025-08-20T23:38:25.410295,OGNUSDT,OGNUSDT,buy,6350.56038436,0.078339,0.248749,0.0,auto
2025-08-20T23:38:25.410295,WIFUSDT,WIFUSDT,buy,569.19514434,0.874037,0.248749,0.0,auto
2025-08-20T23:38:25.410295,MYXUSDT,MYXUSDT,sell,458.67436408,1.083558,0.2485,0.0,auto
2025-08-20T23:38:25.410295,CFXUSDT,CFXUSDT,buy,2663.64301529,0.186773,0.248749,0.0,auto
2025-08-20T23:38:25.411802,AAVEUSDT,AAVEUSDT,buy,1.66359611,299.04945,0.248749,0.0,auto
2025-08-20T23:38:25.411802,TRXUSDT,TRXUSDT,buy,1399.75475198,0.355418,0.248749,0.0,auto
2025-08-20T23:38:25.412806,TRUMPUSDT,TRUMPUSDT,buy,55.68920126,8.933464,0.248749,0.0,auto
2025-08-20T23:38:25.412806,UNIUSDT,UNIUSDT,buy,46.61125591,10.673334,0.248749,0.0,auto
2025-08-20T23:38:25.413805,LDOUSDT,LDOUSDT,buy,373.64658709,1.331465,0.248749,0.0,auto
2025-08-20T23:38:25.413805,1000BONKUSDT,1000BONKUSDT,buy,22228.38078207,0.022381,0.248749,0.0,auto
2025-08-20T23:38:25.414805,UMAUSDT,UMAUSDT,sell,343.64124264,1.446276,0.2485,0.0,auto
2025-08-20T23:38:38.070351,ETHUSDT,ETHUSDT,sell,0.00031517,4361.847985,0.000687,0.0,auto
2025-08-20T23:38:38.070351,BTCUSDT,BTCUSDT,sell,1.201e-05,114470.3362,0.000687,0.0,auto
2025-08-20T23:38:38.071573,SOLUSDT,SOLUSDT,sell,0.00734465,187.176365,0.000687,0.0,auto
2025-08-20T23:38:38.071573,XRPUSDT,XRPUSDT,sell,0.46340487,2.966616,0.000687,0.0,auto
2025-08-20T23:38:38.072618,LINKUSDT,LINKUSDT,sell,0.05163227,26.62568,0.000687,0.0,auto
2025-08-20T23:38:38.072618,DOGEUSDT,DOGEUSDT,sell,6.17949496,0.222469,0.000687,0.0,auto
2025-08-20T23:38:38.072618,ADAUSDT,ADAUSDT,sell,1.55275682,0.885357,0.000687,0.0,auto
2025-08-20T23:38:38.073622,API3USDT,API3USDT,buy,0.94890099,1.450225,0.000688,0.0,auto
2025-08-20T23:38:38.073622,BNBUSDT,BNBUSDT,sell,0.00156997,875.651955,0.000687,0.0,auto
2025-08-20T23:38:38.074626,BIOUSDT,BIOUSDT,sell,9.24101041,0.148766,0.000687,0.0,auto
2025-08-20T23:38:38.074626,SUIUSDT,SUIUSDT,sell,0.38476851,3.572913,0.000687,0.0,auto
2025-08-20T23:38:38.074626,ENAUSDT,ENAUSDT,sell,2.08367215,0.65977,0.000687,0.0,auto
2025-08-20T23:38:38.075684,1000PEPEUSDT,1000PEPEUSDT,sell,128.58951126,0.010691,0.000687,0.0,auto
2025-08-20T23:38:38.075684,MEMEUSDT,MEMEUSDT,sell,478.91085977,0.002871,0.000687,0.0,auto
2025-08-20T23:38:38.075684,AIOTUSDT,AIOTUSDT,buy,0.82105539,1.676038,0.000688,0.0,auto
2025-08-20T23:38:38.077075,ARBUSDT,ARBUSDT,sell,2.67177931,0.514543,0.000687,0.0,auto
2025-08-20T23:38:38.077075,AVAXUSDT,AVAXUSDT,sell,0.0584544,23.518235,0.000687,0.0,auto
2025-08-20T23:38:38.077075,FARTCOINUSDT,FARTCOINUSDT,sell,1.49033697,0.922439,0.000687,0.0,auto
2025-08-20T23:38:38.078078,PENGUUSDT,PENGUUSDT,sell,42.83367037,0.032095,0.000687,0.0,auto
2025-08-20T23:38:38.078078,HYPEUSDT,HYPEUSDT,sell,0.03182544,43.196391,0.000687,0.0,auto
2025-08-20T23:38:38.079125,LTCUSDT,LTCUSDT,sell,0.01179616,116.5417,0.000687,0.0,auto
2025-08-20T23:38:38.079125,PUMPUSDT,PUMPUSDT,sell,431.57577322,0.003185,0.000687,0.0,auto
2025-08-20T23:38:38.079125,OGNUSDT,OGNUSDT,sell,17.56618122,0.078261,0.000687,0.0,auto
2025-08-20T23:38:38.080175,WIFUSDT,WIFUSDT,sell,1.57444138,0.873163,0.000687,0.0,auto
2025-08-20T23:38:38.080175,MYXUSDT,MYXUSDT,buy,1.26873166,1.084642,0.000688,0.0,auto
2025-08-20T23:38:38.080175,CFXUSDT,CFXUSDT,sell,7.36785938,0.186587,0.000687,0.0,auto
2025-08-20T23:38:38.081462,AAVEUSDT,AAVEUSDT,sell,0.00460165,298.75055,0.000687,0.0,auto
2025-08-20T23:38:38.081462,TRXUSDT,TRXUSDT,sell,3.87183873,0.355062,0.000687,0.0,auto
2025-08-20T23:38:38.082563,TRUMPUSDT,TRUMPUSDT,sell,0.15404099,8.924536,0.000687,0.0,auto
2025-08-20T23:38:38.082563,UNIUSDT,UNIUSDT,sell,0.12893063,10.662666,0.000687,0.0,auto
2025-08-20T23:38:38.082563,LDOUSDT,LDOUSDT,sell,1.03353771,1.330135,0.000687,0.0,auto
2025-08-20T23:38:38.083582,1000BONKUSDT,1000BONKUSDT,sell,61.48556054,0.022359,0.000687,0.0,auto
2025-08-20T23:38:38.083582,UMAUSDT,UMAUSDT,buy,0.95054042,1.447724,0.000688,0.0,auto
2025-08-20T23:38:38.084587,XNYUSDT,XNYUSDT,buy,47095.96790823,0.010534,0.248061,0.0,auto
2025-08-20T23:38:38.084587,DOTUSDT,DOTUSDT,buy,127.17964763,3.900949,0.248061,0.0,auto
2025-08-20T23:38:38.084587,SAPIENUSDT,SAPIENUSDT,sell,2026.45462242,0.244578,0.247813,0.0,auto
2025-08-20T23:38:38.085694,CRVUSDT,CRVUSDT,buy,561.57808166,0.883441,0.248061,0.0,auto
2025-08-20T23:38:38.085694,OPUSDT,OPUSDT,buy,681.05129255,0.728464,0.248061,0.0,auto
2025-08-20T23:38:38.086822,XLMUSDT,XLMUSDT,buy,1219.86087603,0.406703,0.248061,0.0,auto
2025-08-20T23:38:38.086822,SEIUSDT,SEIUSDT,buy,1607.89055158,0.308554,0.248061,0.0,auto
2025-08-20T23:38:38.086822,NEARUSDT,NEARUSDT,buy,194.38394595,2.552276,0.248061,0.0,auto
2025-08-20T23:38:38.088089,WLDUSDT,WLDUSDT,buy,514.76533386,0.963782,0.248061,0.0,auto
2025-08-20T23:38:38.088089,HBARUSDT,HBARUSDT,buy,2045.26065624,0.242571,0.248061,0.0,auto
2025-08-20T23:38:38.088089,MUSDT,MUSDT,buy,1105.62641272,0.448724,0.248061,0.0,auto
2025-08-20T23:38:50.691285,ETHUSDT,ETHUSDT,sell,0.0003152,4361.847985,0.000687,0.0,auto
2025-08-20T23:38:50.692316,BTCUSDT,BTCUSDT,sell,1.201e-05,114470.3362,0.000687,0.0,auto
2025-08-20T23:38:50.692316,SOLUSDT,SOLUSDT,sell,0.00734529,187.176365,0.000687,0.0,auto
2025-08-20T23:38:50.693319,XRPUSDT,XRPUSDT,sell,0.46344559,2.966616,0.000687,0.0,auto
2025-08-20T23:38:50.693319,LINKUSDT,LINKUSDT,sell,0.05163681,26.62568,0.000687,0.0,auto
2025-08-20T23:38:50.693319,DOGEUSDT,DOGEUSDT,sell,6.18003796,0.222469,0.000687,0.0,auto
2025-08-20T23:38:50.694545,ADAUSDT,ADAUSDT,sell,1.55289326,0.885357,0.000687,0.0,auto
2025-08-20T23:38:50.694545,API3USDT,API3USDT,buy,0.94898437,1.450225,0.000688,0.0,auto
2025-08-20T23:38:50.694545,BNBUSDT,BNBUSDT,sell,0.0015701,875.651955,0.000687,0.0,auto
2025-08-20T23:38:50.695583,BIOUSDT,BIOUSDT,sell,9.24182243,0.148766,0.000687,0.0,auto
2025-08-20T23:38:50.695583,SUIUSDT,SUIUSDT,sell,0.38480232,3.572913,0.000687,0.0,auto
2025-08-20T23:38:50.696590,ENAUSDT,ENAUSDT,sell,2.08385525,0.65977,0.000687,0.0,auto
2025-08-20T23:38:50.696590,1000PEPEUSDT,1000PEPEUSDT,sell,128.60081057,0.010691,0.000687,0.0,auto
2025-08-20T23:38:50.696590,MEMEUSDT,MEMEUSDT,sell,478.95294224,0.002871,0.000687,0.0,auto
2025-08-20T23:38:50.697620,AIOTUSDT,AIOTUSDT,buy,0.82112754,1.676038,0.000688,0.0,auto
2025-08-20T23:38:50.697620,ARBUSDT,ARBUSDT,sell,2.67201408,0.514543,0.000687,0.0,auto
2025-08-20T23:38:50.698650,AVAXUSDT,AVAXUSDT,sell,0.05845953,23.518235,0.000687,0.0,auto
2025-08-20T23:38:50.698650,FARTCOINUSDT,FARTCOINUSDT,sell,1.49046793,0.922439,0.000687,0.0,auto
2025-08-20T23:38:50.699654,PENGUUSDT,PENGUUSDT,sell,42.83743422,0.032095,0.000687,0.0,auto
2025-08-20T23:38:50.699654,HYPEUSDT,HYPEUSDT,sell,0.03182824,43.196391,0.000687,0.0,auto
2025-08-20T23:38:50.700695,LTCUSDT,LTCUSDT,sell,0.01179719,116.5417,0.000687,0.0,auto
2025-08-20T23:38:50.700695,PUMPUSDT,PUMPUSDT,sell,431.6136963,0.003185,0.000687,0.0,auto
2025-08-20T23:38:50.701485,OGNUSDT,OGNUSDT,sell,17.56772478,0.078261,0.000687,0.0,auto
2025-08-20T23:38:50.701485,WIFUSDT,WIFUSDT,sell,1.57457973,0.873163,0.000687,0.0,auto
2025-08-20T23:38:50.701989,MYXUSDT,MYXUSDT,buy,1.26884314,1.084642,0.000688,0.0,auto
2025-08-20T23:38:50.702541,CFXUSDT,CFXUSDT,sell,7.3685068,0.186587,0.000687,0.0,auto
2025-08-20T23:38:50.702541,AAVEUSDT,AAVEUSDT,sell,0.00460205,298.75055,0.000687,0.0,auto
2025-08-20T23:38:50.702541,TRXUSDT,TRXUSDT,sell,3.87217895,0.355062,0.000687,0.0,auto
2025-08-20T23:38:50.703570,TRUMPUSDT,TRUMPUSDT,sell,0.15405452,8.924536,0.000687,0.0,auto
2025-08-20T23:38:50.703570,UNIUSDT,UNIUSDT,sell,0.12894196,10.662666,0.000687,0.0,auto
2025-08-20T23:38:50.703570,LDOUSDT,LDOUSDT,sell,1.03362853,1.330135,0.000687,0.0,auto
2025-08-20T23:38:50.704596,1000BONKUSDT,1000BONKUSDT,sell,61.49096335,0.022359,0.000687,0.0,auto
2025-08-20T23:38:50.704596,UMAUSDT,UMAUSDT,buy,0.95062395,1.447724,0.000688,0.0,auto
2025-08-20T23:38:50.704596,XNYUSDT,XNYUSDT,sell,130.64420649,0.010524,0.000687,0.0,auto
2025-08-20T23:38:50.704596,DOTUSDT,DOTUSDT,sell,0.35279632,3.897051,0.000687,0.0,auto
2025-08-20T23:38:50.705649,SAPIENUSDT,SAPIENUSDT,buy,5.62138476,0.244822,0.000688,0.0,auto
2025-08-20T23:38:50.705649,CRVUSDT,CRVUSDT,sell,1.5578175,0.882559,0.000687,0.0,auto
2025-08-20T23:38:50.705649,OPUSDT,OPUSDT,sell,1.88923616,0.727736,0.000687,0.0,auto
2025-08-20T23:38:50.706679,XLMUSDT,XLMUSDT,sell,3.38389385,0.406297,0.000687,0.0,auto
2025-08-20T23:38:50.706679,SEIUSDT,SEIUSDT,sell,4.4602881,0.308246,0.000687,0.0,auto
2025-08-20T23:38:50.706679,NEARUSDT,NEARUSDT,sell,0.53922103,2.549724,0.000687,0.0,auto
2025-08-20T23:38:50.707717,WLDUSDT,WLDUSDT,sell,1.42795894,0.962818,0.000687,0.0,auto
2025-08-20T23:38:50.707717,HBARUSDT,HBARUSDT,sell,5.67355269,0.242329,0.000687,0.0,auto
2025-08-20T23:38:50.707717,MUSDT,MUSDT,sell,3.06700747,0.448276,0.000687,0.0,auto
2025-08-20T23:38:50.707717,PROVEUSDT,PROVEUSDT,buy,418.85303511,1.18119,0.247373,0.0,auto
2025-08-20T23:38:50.708743,HYPERUSDT,HYPERUSDT,buy,1415.27731327,0.349575,0.247373,0.0,auto
2025-08-20T23:38:50.708743,FILUSDT,FILUSDT,buy,202.33138022,2.445222,0.247373,0.0,auto
2025-08-20T23:38:50.708743,1000SHIBUSDT,1000SHIBUSDT,buy,39186.7733779,0.012625,0.247373,0.0,auto
2025-08-20T23:38:50.709779,INJUSDT,INJUSDT,buy,35.09566311,14.097045,0.247373,0.0,auto
2025-08-20T23:38:50.709779,BCHUSDT,BCHUSDT,buy,0.87982687,562.32102,0.247373,0.0,auto
2025-08-20T23:39:03.315663,ETHUSDT,ETHUSDT,sell,0.00017352,4361.847985,0.000378,0.0,auto
2025-08-20T23:39:03.316168,BTCUSDT,BTCUSDT,sell,6.61e-06,114470.3362,0.000378,0.0,auto
2025-08-20T23:39:03.316168,SOLUSDT,SOLUSDT,sell,0.00404359,187.176365,0.000378,0.0,auto
2025-08-20T23:39:03.316168,XRPUSDT,XRPUSDT,sell,0.25512717,2.966616,0.000378,0.0,auto
2025-08-20T23:39:03.317173,LINKUSDT,LINKUSDT,sell,0.0284261,26.62568,0.000378,0.0,auto
2025-08-20T23:39:03.317173,DOGEUSDT,DOGEUSDT,sell,3.40211586,0.222469,0.000378,0.0,auto
2025-08-20T23:39:03.318173,ADAUSDT,ADAUSDT,sell,0.85486899,0.885357,0.000378,0.0,auto
2025-08-20T23:39:03.318173,API3USDT,API3USDT,buy,0.52241666,1.450225,0.000379,0.0,auto
2025-08-20T23:39:03.318678,BNBUSDT,BNBUSDT,sell,0.00086434,875.651955,0.000378,0.0,auto
2025-08-20T23:39:03.318678,BIOUSDT,BIOUSDT,sell,5.08763067,0.148766,0.000378,0.0,auto
2025-08-20T23:39:03.318678,SUIUSDT,SUIUSDT,sell,0.21183399,3.572913,0.000378,0.0,auto
2025-08-20T23:39:03.319683,ENAUSDT,ENAUSDT,sell,1.14716399,0.65977,0.000378,0.0,auto
2025-08-20T23:39:03.319683,1000PEPEUSDT,1000PEPEUSDT,sell,70.79484949,0.010691,0.000378,0.0,auto
2025-08-20T23:39:03.319683,MEMEUSDT,MEMEUSDT,sell,263.6639793,0.002871,0.000378,0.0,auto
2025-08-20T23:39:03.320724,AIOTUSDT,AIOTUSDT,buy,0.45203137,1.676038,0.000379,0.0,auto
2025-08-20T23:39:03.320724,ARBUSDT,ARBUSDT,sell,1.4709459,0.514543,0.000378,0.0,auto
2025-08-20T23:39:03.320724,AVAXUSDT,AVAXUSDT,sell,0.03218202,23.518235,0.000378,0.0,auto
2025-08-20T23:39:03.321781,FARTCOINUSDT,FARTCOINUSDT,sell,0.82050379,0.922439,0.000378,0.0,auto
2025-08-20T23:39:03.321781,PENGUUSDT,PENGUUSDT,sell,23.58204193,0.032095,0.000378,0.0,auto
2025-08-20T23:39:03.321781,HYPEUSDT,HYPEUSDT,sell,0.01752147,43.196391,0.000378,0.0,auto
2025-08-20T23:39:03.322787,LTCUSDT,LTCUSDT,sell,0.00649436,116.5417,0.000378,0.0,auto
2025-08-20T23:39:03.322787,PUMPUSDT,PUMPUSDT,sell,237.6036864,0.003185,0.000378,0.0,auto
2025-08-20T23:39:03.322787,OGNUSDT,OGNUSDT,sell,9.6710466,0.078261,0.000378,0.0,auto
2025-08-20T23:39:03.323793,WIFUSDT,WIFUSDT,sell,0.8668074,0.873163,0.000378,0.0,auto
2025-08-20T23:39:03.323793,MYXUSDT,MYXUSDT,buy,0.69849917,1.084642,0.000379,0.0,auto
2025-08-20T23:39:03.323793,CFXUSDT,CFXUSDT,sell,4.05636891,0.186587,0.000378,0.0,auto
2025-08-20T23:39:03.324799,AAVEUSDT,AAVEUSDT,sell,0.00253343,298.75055,0.000378,0.0,auto
2025-08-20T23:39:03.324799,TRXUSDT,TRXUSDT,sell,2.13163762,0.355062,0.000378,0.0,auto
2025-08-20T23:39:03.324799,TRUMPUSDT,TRUMPUSDT,sell,0.08480714,8.924536,0.000378,0.0,auto
2025-08-20T23:39:03.325809,UNIUSDT,UNIUSDT,sell,0.07098265,10.662666,0.000378,0.0,auto
2025-08-20T23:39:03.325809,LDOUSDT,LDOUSDT,sell,0.56901334,1.330135,0.000378,0.0,auto
2025-08-20T23:39:03.325809,1000BONKUSDT,1000BONKUSDT,sell,33.8508247,0.022359,0.000378,0.0,auto
2025-08-20T23:39:03.326815,UMAUSDT,UMAUSDT,buy,0.52331925,1.447724,0.000379,0.0,auto
2025-08-20T23:39:03.326815,XNYUSDT,XNYUSDT,sell,71.91974058,0.010524,0.000378,0.0,auto
2025-08-20T23:39:03.326815,DOTUSDT,DOTUSDT,sell,0.19421466,3.897051,0.000378,0.0,auto
2025-08-20T23:39:03.327819,SAPIENUSDT,SAPIENUSDT,buy,3.09457682,0.244822,0.000379,0.0,auto
2025-08-20T23:39:03.327819,CRVUSDT,CRVUSDT,sell,0.85757978,0.882559,0.000378,0.0,auto
2025-08-20T23:39:03.327819,OPUSDT,OPUSDT,sell,1.04002602,0.727736,0.000378,0.0,auto
2025-08-20T23:39:03.328824,XLMUSDT,XLMUSDT,sell,1.86283628,0.406297,0.000378,0.0,auto
2025-08-20T23:39:03.328824,SEIUSDT,SEIUSDT,sell,2.45539218,0.308246,0.000378,0.0,auto
2025-08-20T23:39:03.328824,NEARUSDT,NEARUSDT,sell,0.29684161,2.549724,0.000378,0.0,auto
2025-08-20T23:39:03.329829,WLDUSDT,WLDUSDT,sell,0.78609254,0.962818,0.000378,0.0,auto
2025-08-20T23:39:03.329829,HBARUSDT,HBARUSDT,sell,3.12329531,0.242329,0.000378,0.0,auto
2025-08-20T23:39:03.329829,MUSDT,MUSDT,sell,1.68839007,0.448276,0.000378,0.0,auto
2025-08-20T23:39:03.330836,PROVEUSDT,PROVEUSDT,sell,0.64140517,1.18001,0.000378,0.0,auto
2025-08-20T23:39:03.330836,HYPERUSDT,HYPERUSDT,sell,2.1672666,0.349225,0.000378,0.0,auto
2025-08-20T23:39:03.330836,FILUSDT,FILUSDT,sell,0.30983754,2.442778,0.000378,0.0,auto
2025-08-20T23:39:03.331842,1000SHIBUSDT,1000SHIBUSDT,sell,60.00815822,0.012613,0.000378,0.0,auto
2025-08-20T23:39:03.331842,INJUSDT,INJUSDT,sell,0.05374329,14.082955,0.000378,0.0,auto
2025-08-20T23:39:03.331842,BCHUSDT,BCHUSDT,sell,0.00134731,561.75898,0.000378,0.0,auto
2025-08-20T23:39:15.990082,ETHUSDT,ETHUSDT,sell,2.17e-06,4361.847985,5e-06,0.0,auto
2025-08-20T23:39:15.990082,BTCUSDT,BTCUSDT,sell,8e-08,114470.3362,5e-06,0.0,auto
2025-08-20T23:39:15.991154,SOLUSDT,SOLUSDT,sell,5.052e-05,187.176365,5e-06,0.0,auto
2025-08-20T23:39:15.991154,XRPUSDT,XRPUSDT,sell,0.00318781,2.966616,5e-06,0.0,auto
2025-08-20T23:39:15.992164,LINKUSDT,LINKUSDT,sell,0.00035518,26.62568,5e-06,0.0,auto
2025-08-20T23:39:15.992164,DOGEUSDT,DOGEUSDT,sell,0.04250944,0.222469,5e-06,0.0,auto
2025-08-20T23:39:15.992164,ADAUSDT,ADAUSDT,sell,0.01068159,0.885357,5e-06,0.0,auto
2025-08-20T23:39:15.993463,API3USDT,API3USDT,buy,0.0065276,1.450225,5e-06,0.0,auto
2025-08-20T23:39:15.993463,BNBUSDT,BNBUSDT,sell,1.08e-05,875.651955,5e-06,0.0,auto
2025-08-20T23:39:15.993463,BIOUSDT,BIOUSDT,sell,0.06356995,0.148766,5e-06,0.0,auto
2025-08-20T23:39:15.994521,SUIUSDT,SUIUSDT,sell,0.00264687,3.572913,5e-06,0.0,auto
2025-08-20T23:39:15.994521,ENAUSDT,ENAUSDT,sell,0.01433381,0.65977,5e-06,0.0,auto
2025-08-20T23:39:15.994521,1000PEPEUSDT,1000PEPEUSDT,sell,0.88458164,0.010691,5e-06,0.0,auto
2025-08-20T23:39:15.995830,MEMEUSDT,MEMEUSDT,sell,3.29448142,0.002871,5e-06,0.0,auto
2025-08-20T23:39:15.996376,AIOTUSDT,AIOTUSDT,buy,0.00564813,1.676038,5e-06,0.0,auto
2025-08-20T23:39:15.996376,ARBUSDT,ARBUSDT,sell,0.01837947,0.514543,5e-06,0.0,auto
2025-08-20T23:39:15.997399,AVAXUSDT,AVAXUSDT,sell,0.00040211,23.518235,5e-06,0.0,auto
2025-08-20T23:39:15.997399,FARTCOINUSDT,FARTCOINUSDT,sell,0.01025219,0.922439,5e-06,0.0,auto
2025-08-20T23:39:15.997399,PENGUUSDT,PENGUUSDT,sell,0.29465761,0.032095,5e-06,0.0,auto
2025-08-20T23:39:15.998542,HYPEUSDT,HYPEUSDT,sell,0.00021893,43.196391,5e-06,0.0,auto
2025-08-20T23:39:15.998542,LTCUSDT,LTCUSDT,sell,8.115e-05,116.5417,5e-06,0.0,auto
2025-08-20T23:39:15.999556,PUMPUSDT,PUMPUSDT,sell,2.96885806,0.003185,5e-06,0.0,auto
2025-08-20T23:39:15.999556,OGNUSDT,OGNUSDT,sell,0.12083973,0.078261,5e-06,0.0,auto
2025-08-20T23:39:15.999556,WIFUSDT,WIFUSDT,sell,0.01083076,0.873163,5e-06,0.0,auto
2025-08-20T23:39:16.000655,MYXUSDT,MYXUSDT,buy,0.00872775,1.084642,5e-06,0.0,auto
2025-08-20T23:39:16.000655,CFXUSDT,CFXUSDT,sell,0.05068433,0.186587,5e-06,0.0,auto
2025-08-20T23:39:16.001714,AAVEUSDT,AAVEUSDT,sell,3.166e-05,298.75055,5e-06,0.0,auto
2025-08-20T23:39:16.001714,TRXUSDT,TRXUSDT,sell,0.02663481,0.355062,5e-06,0.0,auto
2025-08-20T23:39:16.001714,TRUMPUSDT,TRUMPUSDT,sell,0.00105967,8.924536,5e-06,0.0,auto
2025-08-20T23:39:16.002802,UNIUSDT,UNIUSDT,sell,0.00088693,10.662666,5e-06,0.0,auto
2025-08-20T23:39:16.002802,LDOUSDT,LDOUSDT,sell,0.00710982,1.330135,5e-06,0.0,auto
2025-08-20T23:39:16.003806,1000BONKUSDT,1000BONKUSDT,sell,0.42296605,0.022359,5e-06,0.0,auto
2025-08-20T23:39:16.003806,UMAUSDT,UMAUSDT,buy,0.00653887,1.447724,5e-06,0.0,auto
2025-08-20T23:39:16.003806,XNYUSDT,XNYUSDT,sell,0.89863716,0.010524,5e-06,0.0,auto
2025-08-20T23:39:16.004863,DOTUSDT,DOTUSDT,sell,0.00242671,3.897051,5e-06,0.0,auto
2025-08-20T23:39:16.005366,SAPIENUSDT,SAPIENUSDT,buy,0.03866674,0.244822,5e-06,0.0,auto
2025-08-20T23:39:16.005366,CRVUSDT,CRVUSDT,sell,0.01071546,0.882559,5e-06,0.0,auto
2025-08-20T23:39:16.005366,OPUSDT,OPUSDT,sell,0.01299513,0.727736,5e-06,0.0,auto
2025-08-20T23:39:16.006744,XLMUSDT,XLMUSDT,sell,0.02327614,0.406297,5e-06,0.0,auto
2025-08-20T23:39:16.006744,SEIUSDT,SEIUSDT,sell,0.03068013,0.308246,5e-06,0.0,auto
2025-08-20T23:39:16.007877,NEARUSDT,NEARUSDT,sell,0.00370904,2.549724,5e-06,0.0,auto
2025-08-20T23:39:16.007877,WLDUSDT,WLDUSDT,sell,0.00982223,0.962818,5e-06,0.0,auto
2025-08-20T23:39:16.007877,HBARUSDT,HBARUSDT,sell,0.03902557,0.242329,5e-06,0.0,auto
2025-08-20T23:39:16.008947,MUSDT,MUSDT,sell,0.02109643,0.448276,5e-06,0.0,auto
2025-08-20T23:39:16.008947,PROVEUSDT,PROVEUSDT,sell,0.00801436,1.18001,5e-06,0.0,auto
2025-08-20T23:39:16.008947,HYPERUSDT,HYPERUSDT,sell,0.02708,0.349225,5e-06,0.0,auto
2025-08-20T23:39:16.010419,FILUSDT,FILUSDT,sell,0.00387142,2.442778,5e-06,0.0,auto
2025-08-20T23:39:16.010419,1000SHIBUSDT,1000SHIBUSDT,sell,0.74980194,0.012613,5e-06,0.0,auto
2025-08-20T23:39:16.011468,INJUSDT,INJUSDT,sell,0.00067152,14.082955,5e-06,0.0,auto
2025-08-20T23:39:16.011468,BCHUSDT,BCHUSDT,sell,1.683e-05,561.75898,5e-06,0.0,auto
2025-08-20T23:39:28.582614,ETHUSDT,ETHUSDT,sell,3e-08,4361.847985,0.0,0.0,auto
2025-08-20T23:39:28.583614,BTCUSDT,BTCUSDT,sell,0.0,114470.3362,0.0,0.0,auto
2025-08-20T23:39:28.584617,SOLUSDT,SOLUSDT,sell,6.3e-07,187.176365,0.0,0.0,auto
2025-08-20T23:39:28.584617,XRPUSDT,XRPUSDT,sell,3.983e-05,2.966616,0.0,0.0,auto
2025-08-20T23:39:28.584617,LINKUSDT,LINKUSDT,sell,4.44e-06,26.62568,0.0,0.0,auto
2025-08-20T23:39:28.585616,DOGEUSDT,DOGEUSDT,sell,0.00053116,0.222469,0.0,0.0,auto
2025-08-20T23:39:28.585616,ADAUSDT,ADAUSDT,sell,0.00013347,0.885357,0.0,0.0,auto
2025-08-20T23:39:28.586616,API3USDT,API3USDT,buy,8.156e-05,1.450225,0.0,0.0,auto
2025-08-20T23:39:28.586616,BNBUSDT,BNBUSDT,sell,1.3e-07,875.651955,0.0,0.0,auto
2025-08-20T23:39:28.587615,BIOUSDT,BIOUSDT,sell,0.00079431,0.148766,0.0,0.0,auto
2025-08-20T23:39:28.587615,SUIUSDT,SUIUSDT,sell,3.307e-05,3.572913,0.0,0.0,auto
2025-08-20T23:39:28.588616,ENAUSDT,ENAUSDT,sell,0.0001791,0.65977,0.0,0.0,auto
2025-08-20T23:39:28.588616,1000PEPEUSDT,1000PEPEUSDT,sell,0.01105285,0.010691,0.0,0.0,auto
2025-08-20T23:39:28.589614,MEMEUSDT,MEMEUSDT,sell,0.04116455,0.002871,0.0,0.0,auto
2025-08-20T23:39:28.589614,AIOTUSDT,AIOTUSDT,buy,7.057e-05,1.676038,0.0,0.0,auto
2025-08-20T23:39:28.589614,ARBUSDT,ARBUSDT,sell,0.00022965,0.514543,0.0,0.0,auto
2025-08-20T23:39:28.590613,AVAXUSDT,AVAXUSDT,sell,5.02e-06,23.518235,0.0,0.0,auto
2025-08-20T23:39:28.590613,FARTCOINUSDT,FARTCOINUSDT,sell,0.0001281,0.922439,0.0,0.0,auto
2025-08-20T23:39:28.591613,PENGUUSDT,PENGUUSDT,sell,0.00368175,0.032095,0.0,0.0,auto
2025-08-20T23:39:28.591613,HYPEUSDT,HYPEUSDT,sell,2.74e-06,43.196391,0.0,0.0,auto
2025-08-20T23:39:28.592612,LTCUSDT,LTCUSDT,sell,1.01e-06,116.5417,0.0,0.0,auto
2025-08-20T23:39:28.592612,PUMPUSDT,PUMPUSDT,sell,0.03709588,0.003185,0.0,0.0,auto
2025-08-20T23:39:28.592612,OGNUSDT,OGNUSDT,sell,0.00150989,0.078261,0.0,0.0,auto
2025-08-20T23:39:28.593612,WIFUSDT,WIFUSDT,sell,0.00013533,0.873163,0.0,0.0,auto
2025-08-20T23:39:28.593612,MYXUSDT,MYXUSDT,buy,0.00010905,1.084642,0.0,0.0,auto
2025-08-20T23:39:28.594611,CFXUSDT,CFXUSDT,sell,0.0006333,0.186587,0.0,0.0,auto
2025-08-20T23:39:28.594611,AAVEUSDT,AAVEUSDT,sell,4e-07,298.75055,0.0,0.0,auto
2025-08-20T23:39:28.595610,TRXUSDT,TRXUSDT,sell,0.0003328,0.355062,0.0,0.0,auto
2025-08-20T23:39:28.595610,TRUMPUSDT,TRUMPUSDT,sell,1.324e-05,8.924536,0.0,0.0,auto
2025-08-20T23:39:28.595610,UNIUSDT,UNIUSDT,sell,1.108e-05,10.662666,0.0,0.0,auto
2025-08-20T23:39:28.596610,LDOUSDT,LDOUSDT,sell,8.884e-05,1.330135,0.0,0.0,auto
2025-08-20T23:39:28.596610,1000BONKUSDT,1000BONKUSDT,sell,0.00528496,0.022359,0.0,0.0,auto
2025-08-20T23:39:28.597609,UMAUSDT,UMAUSDT,buy,8.17e-05,1.447724,0.0,0.0,auto
2025-08-20T23:39:28.597609,XNYUSDT,XNYUSDT,sell,0.01122847,0.010524,0.0,0.0,auto
2025-08-20T23:39:28.597609,DOTUSDT,DOTUSDT,sell,3.032e-05,3.897051,0.0,0.0,auto
2025-08-20T23:39:28.599116,SAPIENUSDT,SAPIENUSDT,buy,0.00048314,0.244822,0.0,0.0,auto
2025-08-20T23:39:28.599116,CRVUSDT,CRVUSDT,sell,0.00013389,0.882559,0.0,0.0,auto
2025-08-20T23:39:28.600119,OPUSDT,OPUSDT,sell,0.00016237,0.727736,0.0,0.0,auto
2025-08-20T23:39:28.600119,XLMUSDT,XLMUSDT,sell,0.00029084,0.406297,0.0,0.0,auto
2025-08-20T23:39:28.600119,SEIUSDT,SEIUSDT,sell,0.00038335,0.308246,0.0,0.0,auto
2025-08-20T23:39:28.601118,NEARUSDT,NEARUSDT,sell,4.634e-05,2.549724,0.0,0.0,auto
2025-08-20T23:39:28.601118,WLDUSDT,WLDUSDT,sell,0.00012273,0.962818,0.0,0.0,auto
2025-08-20T23:39:28.602119,HBARUSDT,HBARUSDT,sell,0.00048762,0.242329,0.0,0.0,auto
2025-08-20T23:39:28.602119,MUSDT,MUSDT,sell,0.0002636,0.448276,0.0,0.0,auto
2025-08-20T23:39:28.603117,PROVEUSDT,PROVEUSDT,sell,0.00010014,1.18001,0.0,0.0,auto
2025-08-20T23:39:28.603117,HYPERUSDT,HYPERUSDT,sell,0.00033836,0.349225,0.0,0.0,auto
2025-08-20T23:39:28.604117,FILUSDT,FILUSDT,sell,4.837e-05,2.442778,0.0,0.0,auto
2025-08-20T23:39:28.604117,1000SHIBUSDT,1000SHIBUSDT,sell,0.00936878,0.012613,0.0,0.0,auto
2025-08-20T23:39:28.604117,INJUSDT,INJUSDT,sell,8.39e-06,14.082955,0.0,0.0,auto
2025-08-20T23:39:28.605116,BCHUSDT,BCHUSDT,sell,2.1e-07,561.75898,0.0,0.0,auto
2025-08-20T23:39:41.004523,SOLUSDT,SOLUSDT,sell,1e-08,187.176365,0.0,0.0,auto
2025-08-20T23:39:41.005080,XRPUSDT,XRPUSDT,sell,5e-07,2.966616,0.0,0.0,auto
2025-08-20T23:39:41.005080,LINKUSDT,LINKUSDT,sell,6e-08,26.62568,0.0,0.0,auto
2025-08-20T23:39:41.005625,DOGEUSDT,DOGEUSDT,sell,6.64e-06,0.222469,0.0,0.0,auto
2025-08-20T23:39:41.006216,ADAUSDT,ADAUSDT,sell,1.67e-06,0.885357,0.0,0.0,auto
2025-08-20T23:39:41.006786,API3USDT,API3USDT,buy,1.02e-06,1.450225,0.0,0.0,auto
2025-08-20T23:39:41.007332,BNBUSDT,BNBUSDT,sell,0.0,875.651955,0.0,0.0,auto
2025-08-20T23:39:41.007332,BIOUSDT,BIOUSDT,sell,9.92e-06,0.148766,0.0,0.0,auto
2025-08-20T23:39:41.007901,SUIUSDT,SUIUSDT,sell,4.1e-07,3.572913,0.0,0.0,auto
2025-08-20T23:39:41.008494,ENAUSDT,ENAUSDT,sell,2.24e-06,0.65977,0.0,0.0,auto
2025-08-20T23:39:41.009068,1000PEPEUSDT,1000PEPEUSDT,sell,0.00013811,0.010691,0.0,0.0,auto
2025-08-20T23:39:41.009068,MEMEUSDT,MEMEUSDT,sell,0.00051435,0.002871,0.0,0.0,auto
2025-08-20T23:39:41.009637,AIOTUSDT,AIOTUSDT,buy,8.8e-07,1.676038,0.0,0.0,auto
2025-08-20T23:39:41.010244,ARBUSDT,ARBUSDT,sell,2.87e-06,0.514543,0.0,0.0,auto
2025-08-20T23:39:41.010244,AVAXUSDT,AVAXUSDT,sell,6e-08,23.518235,0.0,0.0,auto
2025-08-20T23:39:41.010817,FARTCOINUSDT,FARTCOINUSDT,sell,1.6e-06,0.922439,0.0,0.0,auto
2025-08-20T23:39:41.011406,PENGUUSDT,PENGUUSDT,sell,4.6e-05,0.032095,0.0,0.0,auto
2025-08-20T23:39:41.011406,HYPEUSDT,HYPEUSDT,sell,3e-08,43.196391,0.0,0.0,auto
2025-08-20T23:39:41.011981,LTCUSDT,LTCUSDT,sell,1e-08,116.5417,0.0,0.0,auto
2025-08-20T23:39:41.012548,PUMPUSDT,PUMPUSDT,sell,0.00046351,0.003185,0.0,0.0,auto
2025-08-20T23:39:41.012548,OGNUSDT,OGNUSDT,sell,1.887e-05,0.078261,0.0,0.0,auto
2025-08-20T23:39:41.013129,WIFUSDT,WIFUSDT,sell,1.69e-06,0.873163,0.0,0.0,auto
2025-08-20T23:39:41.013129,MYXUSDT,MYXUSDT,buy,1.36e-06,1.084642,0.0,0.0,auto
2025-08-20T23:39:41.013697,CFXUSDT,CFXUSDT,sell,7.91e-06,0.186587,0.0,0.0,auto
2025-08-20T23:39:41.014272,AAVEUSDT,AAVEUSDT,sell,0.0,298.75055,0.0,0.0,auto
2025-08-20T23:39:41.014272,TRXUSDT,TRXUSDT,sell,4.16e-06,0.355062,0.0,0.0,auto
2025-08-20T23:39:41.014849,TRUMPUSDT,TRUMPUSDT,sell,1.7e-07,8.924536,0.0,0.0,auto
2025-08-20T23:39:41.014849,UNIUSDT,UNIUSDT,sell,1.4e-07,10.662666,0.0,0.0,auto
2025-08-20T23:39:41.014849,LDOUSDT,LDOUSDT,sell,1.11e-06,1.330135,0.0,0.0,auto
2025-08-20T23:39:41.015884,1000BONKUSDT,1000BONKUSDT,sell,6.604e-05,0.022359,0.0,0.0,auto
2025-08-20T23:39:41.015884,UMAUSDT,UMAUSDT,buy,1.02e-06,1.447724,0.0,0.0,auto
2025-08-20T23:39:41.015884,XNYUSDT,XNYUSDT,sell,0.0001403,0.010524,0.0,0.0,auto
2025-08-20T23:39:41.016912,DOTUSDT,DOTUSDT,sell,3.8e-07,3.897051,0.0,0.0,auto
2025-08-20T23:39:41.016912,SAPIENUSDT,SAPIENUSDT,buy,6.04e-06,0.244822,0.0,0.0,auto
2025-08-20T23:39:41.016912,CRVUSDT,CRVUSDT,sell,1.67e-06,0.882559,0.0,0.0,auto
2025-08-20T23:39:41.016912,OPUSDT,OPUSDT,sell,2.03e-06,0.727736,0.0,0.0,auto
2025-08-20T23:39:41.017949,XLMUSDT,XLMUSDT,sell,3.63e-06,0.406297,0.0,0.0,auto
2025-08-20T23:39:41.017949,SEIUSDT,SEIUSDT,sell,4.79e-06,0.308246,0.0,0.0,auto
2025-08-20T23:39:41.017949,NEARUSDT,NEARUSDT,sell,5.8e-07,2.549724,0.0,0.0,auto
2025-08-20T23:39:41.018978,WLDUSDT,WLDUSDT,sell,1.53e-06,0.962818,0.0,0.0,auto
2025-08-20T23:39:41.018978,HBARUSDT,HBARUSDT,sell,6.09e-06,0.242329,0.0,0.0,auto
2025-08-20T23:39:41.018978,MUSDT,MUSDT,sell,3.29e-06,0.448276,0.0,0.0,auto
2025-08-20T23:39:41.020029,PROVEUSDT,PROVEUSDT,sell,1.25e-06,1.18001,0.0,0.0,auto
2025-08-20T23:39:41.020029,HYPERUSDT,HYPERUSDT,sell,4.23e-06,0.349225,0.0,0.0,auto
2025-08-20T23:39:41.020029,FILUSDT,FILUSDT,sell,6e-07,2.442778,0.0,0.0,auto
2025-08-20T23:39:41.021073,1000SHIBUSDT,1000SHIBUSDT,sell,0.00011706,0.012613,0.0,0.0,auto
2025-08-20T23:39:41.021073,INJUSDT,INJUSDT,sell,1e-07,14.082955,0.0,0.0,auto
2025-08-20T23:39:41.021073,BCHUSDT,BCHUSDT,sell,0.0,561.75898,0.0,0.0,auto
2025-08-20T23:39:53.637308,XRPUSDT,XRPUSDT,sell,1e-08,2.966616,0.0,0.0,auto
2025-08-20T23:39:53.637308,DOGEUSDT,DOGEUSDT,sell,8e-08,0.222469,0.0,0.0,auto
2025-08-20T23:39:53.638313,ADAUSDT,ADAUSDT,sell,2e-08,0.885357,0.0,0.0,auto
2025-08-20T23:39:53.638313,API3USDT,API3USDT,buy,1e-08,1.450225,0.0,0.0,auto
2025-08-20T23:39:53.638313,BIOUSDT,BIOUSDT,sell,1.2e-07,0.148766,0.0,0.0,auto
2025-08-20T23:39:53.639318,SUIUSDT,SUIUSDT,sell,0.0,3.572913,0.0,0.0,auto
2025-08-20T23:39:53.639318,ENAUSDT,ENAUSDT,sell,3e-08,0.65977,0.0,0.0,auto
2025-08-20T23:39:53.639318,1000PEPEUSDT,1000PEPEUSDT,sell,1.66e-06,0.010691,0.0,0.0,auto
2025-08-20T23:39:53.640323,MEMEUSDT,MEMEUSDT,sell,6.17e-06,0.002871,0.0,0.0,auto
2025-08-20T23:39:53.640323,AIOTUSDT,AIOTUSDT,buy,1e-08,1.676038,0.0,0.0,auto
2025-08-20T23:39:53.641329,ARBUSDT,ARBUSDT,sell,3e-08,0.514543,0.0,0.0,auto
2025-08-20T23:39:53.641329,FARTCOINUSDT,FARTCOINUSDT,sell,2e-08,0.922439,0.0,0.0,auto
2025-08-20T23:39:53.641329,PENGUUSDT,PENGUUSDT,sell,5.5e-07,0.032095,0.0,0.0,auto
2025-08-20T23:39:53.642334,PUMPUSDT,PUMPUSDT,sell,5.56e-06,0.003185,0.0,0.0,auto
2025-08-20T23:39:53.642334,OGNUSDT,OGNUSDT,sell,2.3e-07,0.078261,0.0,0.0,auto
2025-08-20T23:39:53.642334,WIFUSDT,WIFUSDT,sell,2e-08,0.873163,0.0,0.0,auto
2025-08-20T23:39:53.643410,MYXUSDT,MYXUSDT,buy,2e-08,1.084642,0.0,0.0,auto
2025-08-20T23:39:53.643410,CFXUSDT,CFXUSDT,sell,9e-08,0.186587,0.0,0.0,auto
2025-08-20T23:39:53.643410,TRXUSDT,TRXUSDT,sell,5e-08,0.355062,0.0,0.0,auto
2025-08-20T23:39:53.644416,TRUMPUSDT,TRUMPUSDT,sell,0.0,8.924536,0.0,0.0,auto
2025-08-20T23:39:53.644416,UNIUSDT,UNIUSDT,sell,0.0,10.662666,0.0,0.0,auto
2025-08-20T23:39:53.644416,LDOUSDT,LDOUSDT,sell,1e-08,1.330135,0.0,0.0,auto
2025-08-20T23:39:53.645456,1000BONKUSDT,1000BONKUSDT,sell,7.9e-07,0.022359,0.0,0.0,auto
2025-08-20T23:39:53.645456,UMAUSDT,UMAUSDT,buy,1e-08,1.447724,0.0,0.0,auto
2025-08-20T23:39:53.645456,XNYUSDT,XNYUSDT,sell,1.68e-06,0.010524,0.0,0.0,auto
2025-08-20T23:39:53.646461,DOTUSDT,DOTUSDT,sell,0.0,3.897051,0.0,0.0,auto
2025-08-20T23:39:53.646461,SAPIENUSDT,SAPIENUSDT,buy,7e-08,0.244822,0.0,0.0,auto
2025-08-20T23:39:53.646461,CRVUSDT,CRVUSDT,sell,2e-08,0.882559,0.0,0.0,auto
2025-08-20T23:39:53.647471,OPUSDT,OPUSDT,sell,2e-08,0.727736,0.0,0.0,auto
2025-08-20T23:39:53.647471,XLMUSDT,XLMUSDT,sell,4e-08,0.406297,0.0,0.0,auto
2025-08-20T23:39:53.647471,SEIUSDT,SEIUSDT,sell,6e-08,0.308246,0.0,0.0,auto
2025-08-20T23:39:53.648477,NEARUSDT,NEARUSDT,sell,1e-08,2.549724,0.0,0.0,auto
2025-08-20T23:39:53.648477,WLDUSDT,WLDUSDT,sell,2e-08,0.962818,0.0,0.0,auto
2025-08-20T23:39:53.648477,HBARUSDT,HBARUSDT,sell,7e-08,0.242329,0.0,0.0,auto
2025-08-20T23:39:53.649483,MUSDT,MUSDT,sell,4e-08,0.448276,0.0,0.0,auto
2025-08-20T23:39:53.649483,PROVEUSDT,PROVEUSDT,sell,2e-08,1.18001,0.0,0.0,auto
2025-08-20T23:39:53.649483,HYPERUSDT,HYPERUSDT,sell,5e-08,0.349225,0.0,0.0,auto
2025-08-20T23:39:53.650489,FILUSDT,FILUSDT,sell,1e-08,2.442778,0.0,0.0,auto
2025-08-20T23:39:53.650489,1000SHIBUSDT,1000SHIBUSDT,sell,1.4e-06,0.012613,0.0,0.0,auto
2025-08-20T23:39:53.650489,INJUSDT,INJUSDT,sell,0.0,14.082955,0.0,0.0,auto
2025-08-20T23:40:05.897782,BIOUSDT,BIOUSDT,sell,0.0,0.148766,0.0,0.0,auto
2025-08-20T23:40:05.898795,1000PEPEUSDT,1000PEPEUSDT,sell,2e-08,0.010691,0.0,0.0,auto
2025-08-20T23:40:05.898795,MEMEUSDT,MEMEUSDT,sell,6e-08,0.002871,0.0,0.0,auto
2025-08-20T23:40:05.899802,PENGUUSDT,PENGUUSDT,sell,1e-08,0.032095,0.0,0.0,auto
2025-08-20T23:40:05.899802,PUMPUSDT,PUMPUSDT,sell,6e-08,0.003185,0.0,0.0,auto
2025-08-20T23:40:05.900858,OGNUSDT,OGNUSDT,sell,0.0,0.078261,0.0,0.0,auto
2025-08-20T23:40:05.900858,1000BONKUSDT,1000BONKUSDT,sell,1e-08,0.022359,0.0,0.0,auto
2025-08-20T23:40:05.901957,XNYUSDT,XNYUSDT,sell,2e-08,0.010524,0.0,0.0,auto
2025-08-20T23:40:05.901957,1000SHIBUSDT,1000SHIBUSDT,sell,1e-08,0.012613,0.0,0.0,auto
2025-08-20T23:52:23.298906,SOLUSDT,SOLUSDT,buy,2.6699418,187.363635,0.250125,0.0,auto
2025-08-20T23:52:23.299942,XRPUSDT,XRPUSDT,buy,168.45793605,2.969584,0.250125,0.0,auto
2025-08-20T23:52:23.299942,LINKUSDT,LINKUSDT,buy,18.76947333,26.65232,0.250125,0.0,auto
2025-08-20T23:52:23.301011,DOGEUSDT,DOGEUSDT,buy,2246.38332285,0.222691,0.250125,0.0,auto
2025-08-20T23:52:23.301011,ADAUSDT,ADAUSDT,buy,564.46150373,0.886243,0.250125,0.0,auto
2025-08-20T23:52:23.301011,API3USDT,API3USDT,sell,344.94653329,1.448775,0.249875,0.0,auto
2025-08-20T23:52:23.302015,BNBUSDT,BNBUSDT,buy,0.57071762,876.528045,0.250125,0.0,auto
2025-08-20T23:52:23.302015,BIOUSDT,BIOUSDT,buy,3359.3120129,0.148914,0.250125,0.0,auto
2025-08-20T23:52:23.302015,SUIUSDT,SUIUSDT,buy,139.87187736,3.576487,0.250125,0.0,auto
2025-08-20T23:52:23.303018,ENAUSDT,ENAUSDT,buy,757.46099076,0.66043,0.250125,0.0,auto
2025-08-20T23:52:23.303018,1000PEPEUSDT,1000PEPEUSDT,buy,46745.13616858,0.010702,0.250125,0.0,auto
2025-08-20T23:52:34.621396,ETHUSDT,ETHUSDT,buy,0.11425779,4366.212015,0.249437,0.0,auto
2025-08-20T23:52:34.621396,BTCUSDT,BTCUSDT,buy,0.00435375,114584.8638,0.249437,0.0,auto
2025-08-20T23:52:34.622436,SOLUSDT,SOLUSDT,sell,0.00734534,187.176365,0.000687,0.0,auto
2025-08-20T23:52:34.622436,XRPUSDT,XRPUSDT,sell,0.46344884,2.966616,0.000687,0.0,auto
2025-08-20T23:52:34.622436,LINKUSDT,LINKUSDT,sell,0.05163717,26.62568,0.000687,0.0,auto
2025-08-20T23:52:34.623494,DOGEUSDT,DOGEUSDT,sell,6.18008132,0.222469,0.000687,0.0,auto
2025-08-20T23:52:34.623494,ADAUSDT,ADAUSDT,sell,1.55290415,0.885357,0.000687,0.0,auto
2025-08-20T23:52:34.624519,API3USDT,API3USDT,buy,0.94899103,1.450225,0.000688,0.0,auto
2025-08-20T23:52:34.624519,BNBUSDT,BNBUSDT,sell,0.00157012,875.651955,0.000687,0.0,auto
2025-08-20T23:52:34.624519,BIOUSDT,BIOUSDT,sell,9.24188726,0.148766,0.000687,0.0,auto
2025-08-20T23:52:34.624519,SUIUSDT,SUIUSDT,sell,0.38480502,3.572913,0.000687,0.0,auto
2025-08-20T23:52:34.625592,ENAUSDT,ENAUSDT,sell,2.08386987,0.65977,0.000687,0.0,auto
2025-08-20T23:52:34.625592,1000PEPEUSDT,1000PEPEUSDT,sell,128.60171274,0.010691,0.000687,0.0,auto
2025-08-20T23:52:34.626634,MEMEUSDT,MEMEUSDT,buy,173615.75121866,0.002873,0.249437,0.0,auto
2025-08-20T23:52:34.626634,AIOTUSDT,AIOTUSDT,sell,297.65069096,1.674362,0.249188,0.0,auto
2025-08-20T23:52:34.626634,ARBUSDT,ARBUSDT,buy,968.57893842,0.515057,0.249437,0.0,auto
2025-08-20T23:52:34.626634,AVAXUSDT,AVAXUSDT,buy,21.19100882,23.541765,0.249437,0.0,auto
2025-08-20T23:52:34.627764,FARTCOINUSDT,FARTCOINUSDT,buy,540.28002763,0.923361,0.249437,0.0,auto
2025-08-20T23:52:34.627764,PENGUUSDT,PENGUUSDT,buy,15528.15040017,0.032127,0.249437,0.0,auto
2025-08-20T23:52:34.628772,HYPEUSDT,HYPEUSDT,buy,11.53742509,43.239609,0.249437,0.0,auto
2025-08-20T23:52:34.628772,LTCUSDT,LTCUSDT,buy,4.27636739,116.6583,0.249437,0.0,auto
2025-08-20T23:52:34.628772,PUMPUSDT,PUMPUSDT,buy,156455.738155,0.003189,0.249437,0.0,auto
2025-08-20T23:52:45.847930,ETHUSDT,ETHUSDT,sell,0.11425779,4361.847985,0.249188,0.0,force_close
2025-08-20T23:52:45.847930,BTCUSDT,BTCUSDT,sell,0.00435375,114470.3362,0.249188,0.0,force_close
2025-08-20T23:52:45.849463,SOLUSDT,SOLUSDT,sell,2.66259645,187.176365,0.249188,0.0,force_close
2025-08-20T23:52:45.849463,XRPUSDT,XRPUSDT,sell,167.99448721,2.966616,0.249188,0.0,force_close
2025-08-20T23:52:45.850500,LINKUSDT,LINKUSDT,sell,18.71783616,26.62568,0.249188,0.0,force_close
2025-08-20T23:52:45.850500,DOGEUSDT,DOGEUSDT,sell,2240.20324153,0.222469,0.249188,0.0,force_close
2025-08-20T23:52:45.851542,ADAUSDT,ADAUSDT,sell,562.90859957,0.885357,0.249188,0.0,force_close
2025-08-20T23:52:45.851542,API3USDT,API3USDT,buy,343.99754226,1.450225,0.498874,0.0,force_close
2025-08-20T23:52:45.851542,BNBUSDT,BNBUSDT,sell,0.5691475,875.651955,0.249188,0.0,force_close
2025-08-20T23:52:45.852578,BIOUSDT,BIOUSDT,sell,3350.07012564,0.148766,0.249188,0.0,force_close
2025-08-20T23:52:45.852578,SUIUSDT,SUIUSDT,sell,139.48707234,3.572913,0.249188,0.0,force_close
2025-08-20T23:52:45.852578,ENAUSDT,ENAUSDT,sell,755.37712089,0.65977,0.249188,0.0,force_close
2025-08-20T23:52:45.853621,1000PEPEUSDT,1000PEPEUSDT,sell,46616.53445584,0.010691,0.249188,0.0,force_close
2025-08-20T23:52:45.853621,MEMEUSDT,MEMEUSDT,sell,173615.75121866,0.002871,0.249188,0.0,force_close
2025-08-20T23:52:45.853621,AIOTUSDT,AIOTUSDT,buy,297.65069096,1.676038,0.498874,0.498624,force_close
2025-08-20T23:52:45.854655,ARBUSDT,ARBUSDT,sell,968.57893842,0.514543,0.249188,0.0,force_close
2025-08-20T23:52:45.854655,AVAXUSDT,AVAXUSDT,sell,21.19100882,23.518235,0.249188,0.0,force_close
2025-08-20T23:52:45.854655,FARTCOINUSDT,FARTCOINUSDT,sell,540.28002763,0.922439,0.249188,0.0,force_close
2025-08-20T23:52:45.855700,PENGUUSDT,PENGUUSDT,sell,15528.15040017,0.032095,0.249188,0.0,force_close
2025-08-20T23:52:45.855700,HYPEUSDT,HYPEUSDT,sell,11.53742509,43.196391,0.249188,0.0,force_close
2025-08-20T23:52:45.855700,LTCUSDT,LTCUSDT,sell,4.27636739,116.5417,0.249188,0.0,force_close
2025-08-20T23:52:45.856734,PUMPUSDT,PUMPUSDT,sell,156455.738155,0.003185,0.249188,0.0,force_close
2025-08-20T23:53:03.881648,ETHUSDT,ETHUSDT,buy,0.114573,4366.212015,0.250125,0.0,auto
2025-08-20T23:53:03.882887,BTCUSDT,BTCUSDT,buy,0.00436576,114584.8638,0.250125,0.0,auto
2025-08-20T23:53:03.882887,SOLUSDT,SOLUSDT,buy,2.6699418,187.363635,0.250125,0.0,auto
2025-08-20T23:53:03.884161,XRPUSDT,XRPUSDT,buy,168.45793605,2.969584,0.250125,0.0,auto
2025-08-20T23:53:03.884161,LINKUSDT,LINKUSDT,buy,18.76947333,26.65232,0.250125,0.0,auto
2025-08-20T23:53:03.884161,DOGEUSDT,DOGEUSDT,buy,2246.38332285,0.222691,0.250125,0.0,auto
2025-08-20T23:53:03.885272,ADAUSDT,ADAUSDT,buy,564.46150373,0.886243,0.250125,0.0,auto
2025-08-20T23:53:03.885272,API3USDT,API3USDT,sell,344.94653329,1.448775,0.249875,0.0,auto
2025-08-20T23:53:03.886308,BNBUSDT,BNBUSDT,buy,0.57071762,876.528045,0.250125,0.0,auto
2025-08-20T23:53:03.886308,BIOUSDT,BIOUSDT,buy,3359.3120129,0.148914,0.250125,0.0,auto
2025-08-20T23:53:03.886308,SUIUSDT,SUIUSDT,buy,139.87187736,3.576487,0.250125,0.0,auto
2025-08-20T23:53:15.049068,ETHUSDT,ETHUSDT,sell,0.0003152,4361.847985,0.000687,0.0,auto
2025-08-20T23:53:15.050100,BTCUSDT,BTCUSDT,sell,1.201e-05,114470.3362,0.000687,0.0,auto
2025-08-20T23:53:15.050100,SOLUSDT,SOLUSDT,sell,0.00734534,187.176365,0.000687,0.0,auto
2025-08-20T23:53:15.051110,XRPUSDT,XRPUSDT,sell,0.46344884,2.966616,0.000687,0.0,auto
2025-08-20T23:53:15.051110,LINKUSDT,LINKUSDT,sell,0.05163717,26.62568,0.000687,0.0,auto
2025-08-20T23:53:15.051110,DOGEUSDT,DOGEUSDT,sell,6.18008132,0.222469,0.000687,0.0,auto
2025-08-20T23:53:15.052119,ADAUSDT,ADAUSDT,sell,1.55290415,0.885357,0.000687,0.0,auto
2025-08-20T23:53:15.052119,API3USDT,API3USDT,buy,0.94899103,1.450225,0.000688,0.0,auto
2025-08-20T23:53:15.052119,BNBUSDT,BNBUSDT,sell,0.00157012,875.651955,0.000687,0.0,auto
2025-08-20T23:53:15.053128,BIOUSDT,BIOUSDT,sell,9.24188726,0.148766,0.000687,0.0,auto
2025-08-20T23:53:15.053128,SUIUSDT,SUIUSDT,sell,0.38480502,3.572913,0.000687,0.0,auto
2025-08-20T23:53:15.054142,ENAUSDT,ENAUSDT,buy,755.37712089,0.66043,0.249437,0.0,auto
2025-08-20T23:53:15.054142,1000PEPEUSDT,1000PEPEUSDT,buy,46616.53445584,0.010702,0.249437,0.0,auto
2025-08-20T23:53:15.054142,MEMEUSDT,MEMEUSDT,buy,173615.75121866,0.002873,0.249437,0.0,auto
2025-08-20T23:53:15.055156,AIOTUSDT,AIOTUSDT,sell,297.65069096,1.674362,0.249188,0.0,auto
2025-08-20T23:53:15.055156,ARBUSDT,ARBUSDT,buy,968.57893842,0.515057,0.249437,0.0,auto
2025-08-20T23:53:15.055156,AVAXUSDT,AVAXUSDT,buy,21.19100882,23.541765,0.249437,0.0,auto
2025-08-20T23:53:15.056165,FARTCOINUSDT,FARTCOINUSDT,buy,540.28002763,0.923361,0.249437,0.0,auto
2025-08-20T23:53:15.056165,PENGUUSDT,PENGUUSDT,buy,15528.15040017,0.032127,0.249437,0.0,auto
2025-08-20T23:53:15.056165,HYPEUSDT,HYPEUSDT,buy,11.53742509,43.239609,0.249437,0.0,auto
2025-08-20T23:53:15.057174,LTCUSDT,LTCUSDT,buy,4.27636739,116.6583,0.249437,0.0,auto
2025-08-20T23:53:15.057174,PUMPUSDT,PUMPUSDT,buy,156455.738155,0.003189,0.249437,0.0,auto
2025-08-20T23:53:26.198985,ETHUSDT,ETHUSDT,sell,0.0003152,4361.847985,0.000687,0.0,auto
2025-08-20T23:53:26.198985,BTCUSDT,BTCUSDT,sell,1.201e-05,114470.3362,0.000687,0.0,auto
2025-08-20T23:53:26.200033,SOLUSDT,SOLUSDT,sell,0.00734533,187.176365,0.000687,0.0,auto
2025-08-20T23:53:26.200033,XRPUSDT,XRPUSDT,sell,0.4634478,2.966616,0.000687,0.0,auto
2025-08-20T23:53:26.200033,LINKUSDT,LINKUSDT,sell,0.05163705,26.62568,0.000687,0.0,auto
2025-08-20T23:53:26.201066,DOGEUSDT,DOGEUSDT,sell,6.18006741,0.222469,0.000687,0.0,auto
2025-08-20T23:53:26.201066,ADAUSDT,ADAUSDT,sell,1.55290066,0.885357,0.000687,0.0,auto
2025-08-20T23:53:26.202112,API3USDT,API3USDT,buy,0.9489889,1.450225,0.000688,0.0,auto
2025-08-20T23:53:26.202112,BNBUSDT,BNBUSDT,sell,0.00157011,875.651955,0.000687,0.0,auto
2025-08-20T23:53:26.202112,BIOUSDT,BIOUSDT,sell,9.24186647,0.148766,0.000687,0.0,auto
2025-08-20T23:53:26.203303,SUIUSDT,SUIUSDT,sell,0.38480415,3.572913,0.000687,0.0,auto
2025-08-20T23:53:26.203303,ENAUSDT,ENAUSDT,sell,2.08386518,0.65977,0.000687,0.0,auto
2025-08-20T23:53:26.203303,1000PEPEUSDT,1000PEPEUSDT,sell,128.60142339,0.010691,0.000687,0.0,auto
2025-08-20T23:53:26.204337,MEMEUSDT,MEMEUSDT,sell,478.95522458,0.002871,0.000687,0.0,auto
2025-08-20T23:53:26.204337,AIOTUSDT,AIOTUSDT,buy,0.82113145,1.676038,0.000688,0.0,auto
2025-08-20T23:53:26.204337,ARBUSDT,ARBUSDT,sell,2.67202682,0.514543,0.000687,0.0,auto
2025-08-20T23:53:26.205369,AVAXUSDT,AVAXUSDT,sell,0.05845981,23.518235,0.000687,0.0,auto
2025-08-20T23:53:26.205369,FARTCOINUSDT,FARTCOINUSDT,sell,1.49047503,0.922439,0.000687,0.0,auto
2025-08-20T23:53:26.205369,PENGUUSDT,PENGUUSDT,sell,42.83763835,0.032095,0.000687,0.0,auto
2025-08-20T23:53:26.206401,HYPEUSDT,HYPEUSDT,sell,0.03182839,43.196391,0.000687,0.0,auto
2025-08-20T23:53:26.206401,LTCUSDT,LTCUSDT,sell,0.01179725,116.5417,0.000687,0.0,auto
2025-08-20T23:53:26.206401,PUMPUSDT,PUMPUSDT,sell,431.61575305,0.003185,0.000687,0.0,auto
2025-08-20T23:53:26.207433,OGNUSDT,OGNUSDT,buy,6350.56038436,0.078339,0.248749,0.0,auto
2025-08-20T23:53:26.207433,WIFUSDT,WIFUSDT,buy,569.19514434,0.874037,0.248749,0.0,auto
2025-08-20T23:53:26.207433,MYXUSDT,MYXUSDT,sell,458.67436408,1.083558,0.2485,0.0,auto
2025-08-20T23:53:26.208470,CFXUSDT,CFXUSDT,buy,2663.64301529,0.186773,0.248749,0.0,auto
2025-08-20T23:53:26.208470,AAVEUSDT,AAVEUSDT,buy,1.66359611,299.04945,0.248749,0.0,auto
2025-08-20T23:53:26.208470,TRXUSDT,TRXUSDT,buy,1399.75475198,0.355418,0.248749,0.0,auto
2025-08-20T23:53:26.209503,TRUMPUSDT,TRUMPUSDT,buy,55.68920126,8.933464,0.248749,0.0,auto
2025-08-20T23:53:26.209503,UNIUSDT,UNIUSDT,buy,46.61125591,10.673334,0.248749,0.0,auto
2025-08-20T23:53:26.209503,LDOUSDT,LDOUSDT,buy,373.64658709,1.331465,0.248749,0.0,auto
2025-08-20T23:53:26.210554,1000BONKUSDT,1000BONKUSDT,buy,22228.38078207,0.022381,0.248749,0.0,auto
2025-08-20T23:53:26.210554,UMAUSDT,UMAUSDT,sell,343.64124264,1.446276,0.2485,0.0,auto
2025-08-20T23:53:37.369522,ETHUSDT,ETHUSDT,sell,0.00031517,4361.847985,0.000687,0.0,auto
2025-08-20T23:53:37.370088,BTCUSDT,BTCUSDT,sell,1.201e-05,114470.3362,0.000687,0.0,auto
2025-08-20T23:53:37.370664,SOLUSDT,SOLUSDT,sell,0.00734465,187.176365,0.000687,0.0,auto
2025-08-20T23:53:37.370664,XRPUSDT,XRPUSDT,sell,0.46340487,2.966616,0.000687,0.0,auto
2025-08-20T23:53:37.371251,LINKUSDT,LINKUSDT,sell,0.05163227,26.62568,0.000687,0.0,auto
2025-08-20T23:53:37.371835,DOGEUSDT,DOGEUSDT,sell,6.17949496,0.222469,0.000687,0.0,auto
2025-08-20T23:53:37.372419,ADAUSDT,ADAUSDT,sell,1.55275682,0.885357,0.000687,0.0,auto
2025-08-20T23:53:37.372419,API3USDT,API3USDT,buy,0.94890099,1.450225,0.000688,0.0,auto
2025-08-20T23:53:37.373005,BNBUSDT,BNBUSDT,sell,0.00156997,875.651955,0.000687,0.0,auto
2025-08-20T23:53:37.373575,BIOUSDT,BIOUSDT,sell,9.24101041,0.148766,0.000687,0.0,auto
2025-08-20T23:53:37.373575,SUIUSDT,SUIUSDT,sell,0.38476851,3.572913,0.000687,0.0,auto
2025-08-20T23:53:37.374166,ENAUSDT,ENAUSDT,sell,2.08367215,0.65977,0.000687,0.0,auto
2025-08-20T23:53:37.374737,1000PEPEUSDT,1000PEPEUSDT,sell,128.58951126,0.010691,0.000687,0.0,auto
2025-08-20T23:53:37.375315,MEMEUSDT,MEMEUSDT,sell,478.91085977,0.002871,0.000687,0.0,auto
2025-08-20T23:53:37.375315,AIOTUSDT,AIOTUSDT,buy,0.82105539,1.676038,0.000688,0.0,auto
2025-08-20T23:53:37.375919,ARBUSDT,ARBUSDT,sell,2.67177931,0.514543,0.000687,0.0,auto
2025-08-20T23:53:37.375919,AVAXUSDT,AVAXUSDT,sell,0.0584544,23.518235,0.000687,0.0,auto
2025-08-20T23:53:37.375919,FARTCOINUSDT,FARTCOINUSDT,sell,1.49033697,0.922439,0.000687,0.0,auto
2025-08-20T23:53:37.376983,PENGUUSDT,PENGUUSDT,sell,42.83367037,0.032095,0.000687,0.0,auto
2025-08-20T23:53:37.376983,HYPEUSDT,HYPEUSDT,sell,0.03182544,43.196391,0.000687,0.0,auto
2025-08-20T23:53:37.376983,LTCUSDT,LTCUSDT,sell,0.01179616,116.5417,0.000687,0.0,auto
2025-08-20T23:53:37.378048,PUMPUSDT,PUMPUSDT,sell,431.57577322,0.003185,0.000687,0.0,auto
2025-08-20T23:53:37.378048,OGNUSDT,OGNUSDT,sell,17.56618122,0.078261,0.000687,0.0,auto
2025-08-20T23:53:37.379082,WIFUSDT,WIFUSDT,sell,1.57444138,0.873163,0.000687,0.0,auto
2025-08-20T23:53:37.379082,MYXUSDT,MYXUSDT,buy,1.26873166,1.084642,0.000688,0.0,auto
2025-08-20T23:53:37.379082,CFXUSDT,CFXUSDT,sell,7.36785938,0.186587,0.000687,0.0,auto
2025-08-20T23:53:37.379082,AAVEUSDT,AAVEUSDT,sell,0.00460165,298.75055,0.000687,0.0,auto
2025-08-20T23:53:37.379082,TRXUSDT,TRXUSDT,sell,3.87183873,0.355062,0.000687,0.0,auto
2025-08-20T23:53:37.380614,TRUMPUSDT,TRUMPUSDT,sell,0.15404099,8.924536,0.000687,0.0,auto
2025-08-20T23:53:37.380614,UNIUSDT,UNIUSDT,sell,0.12893063,10.662666,0.000687,0.0,auto
2025-08-20T23:53:37.380614,LDOUSDT,LDOUSDT,sell,1.03353771,1.330135,0.000687,0.0,auto
2025-08-20T23:53:37.381658,1000BONKUSDT,1000BONKUSDT,sell,61.48556054,0.022359,0.000687,0.0,auto
2025-08-20T23:53:37.381658,UMAUSDT,UMAUSDT,buy,0.95054042,1.447724,0.000688,0.0,auto
2025-08-20T23:53:37.382714,XNYUSDT,XNYUSDT,buy,47095.96790823,0.010534,0.248061,0.0,auto
2025-08-20T23:53:37.382714,DOTUSDT,DOTUSDT,buy,127.17964763,3.900949,0.248061,0.0,auto
2025-08-20T23:53:37.383752,SAPIENUSDT,SAPIENUSDT,sell,2026.45462242,0.244578,0.247813,0.0,auto
2025-08-20T23:53:37.383752,CRVUSDT,CRVUSDT,buy,561.57808166,0.883441,0.248061,0.0,auto
2025-08-20T23:53:37.383752,OPUSDT,OPUSDT,buy,681.05129255,0.728464,0.248061,0.0,auto
2025-08-20T23:53:37.384797,XLMUSDT,XLMUSDT,buy,1219.86087603,0.406703,0.248061,0.0,auto
2025-08-20T23:53:37.384797,SEIUSDT,SEIUSDT,buy,1607.89055158,0.308554,0.248061,0.0,auto
2025-08-20T23:53:37.384797,NEARUSDT,NEARUSDT,buy,194.38394595,2.552276,0.248061,0.0,auto
2025-08-20T23:53:37.385846,WLDUSDT,WLDUSDT,buy,514.76533386,0.963782,0.248061,0.0,auto
2025-08-20T23:53:37.385846,HBARUSDT,HBARUSDT,buy,2045.26065624,0.242571,0.248061,0.0,auto
2025-08-20T23:53:37.385846,MUSDT,MUSDT,buy,1105.62641272,0.448724,0.248061,0.0,auto
2025-08-20T23:53:48.556157,ETHUSDT,ETHUSDT,sell,0.0003152,4361.847985,0.000687,0.0,auto
2025-08-20T23:53:48.556157,BTCUSDT,BTCUSDT,sell,1.201e-05,114470.3362,0.000687,0.0,auto
2025-08-20T23:53:48.557245,SOLUSDT,SOLUSDT,sell,0.00734529,187.176365,0.000687,0.0,auto
2025-08-20T23:53:48.557245,XRPUSDT,XRPUSDT,sell,0.46344559,2.966616,0.000687,0.0,auto
2025-08-20T23:53:48.557245,LINKUSDT,LINKUSDT,sell,0.05163681,26.62568,0.000687,0.0,auto
2025-08-20T23:53:48.558254,DOGEUSDT,DOGEUSDT,sell,6.18003796,0.222469,0.000687,0.0,auto
2025-08-20T23:53:48.558254,ADAUSDT,ADAUSDT,sell,1.55289326,0.885357,0.000687,0.0,auto
2025-08-20T23:53:48.559292,API3USDT,API3USDT,buy,0.94898437,1.450225,0.000688,0.0,auto
2025-08-20T23:53:48.559292,BNBUSDT,BNBUSDT,sell,0.0015701,875.651955,0.000687,0.0,auto
2025-08-20T23:53:48.559292,BIOUSDT,BIOUSDT,sell,9.24182243,0.148766,0.000687,0.0,auto
2025-08-20T23:53:48.560368,SUIUSDT,SUIUSDT,sell,0.38480232,3.572913,0.000687,0.0,auto
2025-08-20T23:53:48.560368,ENAUSDT,ENAUSDT,sell,2.08385525,0.65977,0.000687,0.0,auto
2025-08-20T23:53:48.561422,1000PEPEUSDT,1000PEPEUSDT,sell,128.60081057,0.010691,0.000687,0.0,auto
2025-08-20T23:53:48.561422,MEMEUSDT,MEMEUSDT,sell,478.95294224,0.002871,0.000687,0.0,auto
2025-08-20T23:53:48.561422,AIOTUSDT,AIOTUSDT,buy,0.82112754,1.676038,0.000688,0.0,auto
2025-08-20T23:53:48.562458,ARBUSDT,ARBUSDT,sell,2.67201408,0.514543,0.000687,0.0,auto
2025-08-20T23:53:48.562458,AVAXUSDT,AVAXUSDT,sell,0.05845953,23.518235,0.000687,0.0,auto
2025-08-20T23:53:48.563494,FARTCOINUSDT,FARTCOINUSDT,sell,1.49046793,0.922439,0.000687,0.0,auto
2025-08-20T23:53:48.563494,PENGUUSDT,PENGUUSDT,sell,42.83743422,0.032095,0.000687,0.0,auto
2025-08-20T23:53:48.563494,HYPEUSDT,HYPEUSDT,sell,0.03182824,43.196391,0.000687,0.0,auto
2025-08-20T23:53:48.564530,LTCUSDT,LTCUSDT,sell,0.01179719,116.5417,0.000687,0.0,auto
2025-08-20T23:53:48.564530,PUMPUSDT,PUMPUSDT,sell,431.6136963,0.003185,0.000687,0.0,auto
2025-08-20T23:53:48.565566,OGNUSDT,OGNUSDT,sell,17.56772478,0.078261,0.000687,0.0,auto
2025-08-20T23:53:48.565566,WIFUSDT,WIFUSDT,sell,1.57457973,0.873163,0.000687,0.0,auto
2025-08-20T23:53:48.565566,MYXUSDT,MYXUSDT,buy,1.26884314,1.084642,0.000688,0.0,auto
2025-08-20T23:53:48.566600,CFXUSDT,CFXUSDT,sell,7.3685068,0.186587,0.000687,0.0,auto
2025-08-20T23:53:48.566600,AAVEUSDT,AAVEUSDT,sell,0.00460205,298.75055,0.000687,0.0,auto
2025-08-20T23:53:48.566600,TRXUSDT,TRXUSDT,sell,3.87217895,0.355062,0.000687,0.0,auto
2025-08-20T23:53:48.566600,TRUMPUSDT,TRUMPUSDT,sell,0.15405452,8.924536,0.000687,0.0,auto
2025-08-20T23:53:48.568135,UNIUSDT,UNIUSDT,sell,0.12894196,10.662666,0.000687,0.0,auto
2025-08-20T23:53:48.568135,LDOUSDT,LDOUSDT,sell,1.03362853,1.330135,0.000687,0.0,auto
2025-08-20T23:53:48.568135,1000BONKUSDT,1000BONKUSDT,sell,61.49096335,0.022359,0.000687,0.0,auto
2025-08-20T23:53:48.569173,UMAUSDT,UMAUSDT,buy,0.95062395,1.447724,0.000688,0.0,auto
2025-08-20T23:53:48.569173,XNYUSDT,XNYUSDT,sell,130.64420649,0.010524,0.000687,0.0,auto
2025-08-20T23:53:48.570200,DOTUSDT,DOTUSDT,sell,0.35279632,3.897051,0.000687,0.0,auto
2025-08-20T23:53:48.570200,SAPIENUSDT,SAPIENUSDT,buy,5.62138476,0.244822,0.000688,0.0,auto
2025-08-20T23:53:48.570200,CRVUSDT,CRVUSDT,sell,1.5578175,0.882559,0.000687,0.0,auto
2025-08-20T23:53:48.571257,OPUSDT,OPUSDT,sell,1.88923616,0.727736,0.000687,0.0,auto
2025-08-20T23:53:48.571257,XLMUSDT,XLMUSDT,sell,3.38389385,0.406297,0.000687,0.0,auto
2025-08-20T23:53:48.572286,SEIUSDT,SEIUSDT,sell,4.4602881,0.308246,0.000687,0.0,auto
2025-08-20T23:53:48.572286,NEARUSDT,NEARUSDT,sell,0.53922103,2.549724,0.000687,0.0,auto
2025-08-20T23:53:48.572286,WLDUSDT,WLDUSDT,sell,1.42795894,0.962818,0.000687,0.0,auto
2025-08-20T23:53:48.573385,HBARUSDT,HBARUSDT,sell,5.67355269,0.242329,0.000687,0.0,auto
2025-08-20T23:53:48.573385,MUSDT,MUSDT,sell,3.06700747,0.448276,0.000687,0.0,auto
2025-08-20T23:53:48.573385,PROVEUSDT,PROVEUSDT,buy,418.85303511,1.18119,0.247373,0.0,auto
2025-08-20T23:53:48.574391,HYPERUSDT,HYPERUSDT,buy,1415.27731327,0.349575,0.247373,0.0,auto
2025-08-20T23:53:48.574391,FILUSDT,FILUSDT,buy,202.33138022,2.445222,0.247373,0.0,auto
2025-08-20T23:53:48.574391,1000SHIBUSDT,1000SHIBUSDT,buy,39186.7733779,0.012625,0.247373,0.0,auto
2025-08-20T23:53:48.575465,INJUSDT,INJUSDT,buy,35.09566311,14.097045,0.247373,0.0,auto
2025-08-20T23:53:48.575465,BCHUSDT,BCHUSDT,buy,0.87982687,562.32102,0.247373,0.0,auto
2025-08-20T23:54:00.081497,ETHUSDT,ETHUSDT,sell,0.00017352,4361.847985,0.000378,0.0,auto
2025-08-20T23:54:00.081497,BTCUSDT,BTCUSDT,sell,6.61e-06,114470.3362,0.000378,0.0,auto
2025-08-20T23:54:00.082516,SOLUSDT,SOLUSDT,sell,0.00404359,187.176365,0.000378,0.0,auto
2025-08-20T23:54:00.082516,XRPUSDT,XRPUSDT,sell,0.25512717,2.966616,0.000378,0.0,auto
2025-08-20T23:54:00.082516,LINKUSDT,LINKUSDT,sell,0.0284261,26.62568,0.000378,0.0,auto
2025-08-20T23:54:00.083534,DOGEUSDT,DOGEUSDT,sell,3.40211586,0.222469,0.000378,0.0,auto
2025-08-20T23:54:00.083534,ADAUSDT,ADAUSDT,sell,0.85486899,0.885357,0.000378,0.0,auto
2025-08-20T23:54:00.083534,API3USDT,API3USDT,buy,0.52241666,1.450225,0.000379,0.0,auto
2025-08-20T23:54:00.084539,BNBUSDT,BNBUSDT,sell,0.00086434,875.651955,0.000378,0.0,auto
2025-08-20T23:54:00.084539,BIOUSDT,BIOUSDT,sell,5.08763067,0.148766,0.000378,0.0,auto
2025-08-20T23:54:00.085584,SUIUSDT,SUIUSDT,sell,0.21183399,3.572913,0.000378,0.0,auto
2025-08-20T23:54:00.085584,ENAUSDT,ENAUSDT,sell,1.14716399,0.65977,0.000378,0.0,auto
2025-08-20T23:54:00.085584,1000PEPEUSDT,1000PEPEUSDT,sell,70.79484949,0.010691,0.000378,0.0,auto
2025-08-20T23:54:00.086601,MEMEUSDT,MEMEUSDT,sell,263.6639793,0.002871,0.000378,0.0,auto
2025-08-20T23:54:00.086601,AIOTUSDT,AIOTUSDT,buy,0.45203137,1.676038,0.000379,0.0,auto
2025-08-20T23:54:00.086601,ARBUSDT,ARBUSDT,sell,1.4709459,0.514543,0.000378,0.0,auto
2025-08-20T23:54:00.087605,AVAXUSDT,AVAXUSDT,sell,0.03218202,23.518235,0.000378,0.0,auto
2025-08-20T23:54:00.087605,FARTCOINUSDT,FARTCOINUSDT,sell,0.82050379,0.922439,0.000378,0.0,auto
2025-08-20T23:54:00.087605,PENGUUSDT,PENGUUSDT,sell,23.58204193,0.032095,0.000378,0.0,auto
2025-08-20T23:54:00.088609,HYPEUSDT,HYPEUSDT,sell,0.01752147,43.196391,0.000378,0.0,auto
2025-08-20T23:54:00.088609,LTCUSDT,LTCUSDT,sell,0.00649436,116.5417,0.000378,0.0,auto
2025-08-20T23:54:00.088609,PUMPUSDT,PUMPUSDT,sell,237.6036864,0.003185,0.000378,0.0,auto
2025-08-20T23:54:00.089614,OGNUSDT,OGNUSDT,sell,9.6710466,0.078261,0.000378,0.0,auto
2025-08-20T23:54:00.089614,WIFUSDT,WIFUSDT,sell,0.8668074,0.873163,0.000378,0.0,auto
2025-08-20T23:54:00.089614,MYXUSDT,MYXUSDT,buy,0.69849917,1.084642,0.000379,0.0,auto
2025-08-20T23:54:00.090619,CFXUSDT,CFXUSDT,sell,4.05636891,0.186587,0.000378,0.0,auto
2025-08-20T23:54:00.090619,AAVEUSDT,AAVEUSDT,sell,0.00253343,298.75055,0.000378,0.0,auto
2025-08-20T23:54:00.090619,TRXUSDT,TRXUSDT,sell,2.13163762,0.355062,0.000378,0.0,auto
2025-08-20T23:54:00.091693,TRUMPUSDT,TRUMPUSDT,sell,0.08480714,8.924536,0.000378,0.0,auto
2025-08-20T23:54:00.091693,UNIUSDT,UNIUSDT,sell,0.07098265,10.662666,0.000378,0.0,auto
2025-08-20T23:54:00.091693,LDOUSDT,LDOUSDT,sell,0.56901334,1.330135,0.000378,0.0,auto
2025-08-20T23:54:00.092698,1000BONKUSDT,1000BONKUSDT,sell,33.8508247,0.022359,0.000378,0.0,auto
2025-08-20T23:54:00.092698,UMAUSDT,UMAUSDT,buy,0.52331925,1.447724,0.000379,0.0,auto
2025-08-20T23:54:00.092698,XNYUSDT,XNYUSDT,sell,71.91974058,0.010524,0.000378,0.0,auto
2025-08-20T23:54:00.093702,DOTUSDT,DOTUSDT,sell,0.19421466,3.897051,0.000378,0.0,auto
2025-08-20T23:54:00.093702,SAPIENUSDT,SAPIENUSDT,buy,3.09457682,0.244822,0.000379,0.0,auto
2025-08-20T23:54:00.093702,CRVUSDT,CRVUSDT,sell,0.85757978,0.882559,0.000378,0.0,auto
2025-08-20T23:54:00.094707,OPUSDT,OPUSDT,sell,1.04002602,0.727736,0.000378,0.0,auto
2025-08-20T23:54:00.094707,XLMUSDT,XLMUSDT,sell,1.86283628,0.406297,0.000378,0.0,auto
2025-08-20T23:54:00.094707,SEIUSDT,SEIUSDT,sell,2.45539218,0.308246,0.000378,0.0,auto
2025-08-20T23:54:00.094707,NEARUSDT,NEARUSDT,sell,0.29684161,2.549724,0.000378,0.0,auto
2025-08-20T23:54:00.095733,WLDUSDT,WLDUSDT,sell,0.78609254,0.962818,0.000378,0.0,auto
2025-08-20T23:54:00.095733,HBARUSDT,HBARUSDT,sell,3.12329531,0.242329,0.000378,0.0,auto
2025-08-20T23:54:00.095733,MUSDT,MUSDT,sell,1.68839007,0.448276,0.000378,0.0,auto
2025-08-20T23:54:00.096740,PROVEUSDT,PROVEUSDT,sell,0.64140517,1.18001,0.000378,0.0,auto
2025-08-20T23:54:00.096740,HYPERUSDT,HYPERUSDT,sell,2.1672666,0.349225,0.000378,0.0,auto
2025-08-20T23:54:00.096740,FILUSDT,FILUSDT,sell,0.30983754,2.442778,0.000378,0.0,auto
2025-08-20T23:54:00.096740,1000SHIBUSDT,1000SHIBUSDT,sell,60.00815822,0.012613,0.000378,0.0,auto
2025-08-20T23:54:00.097744,INJUSDT,INJUSDT,sell,0.05374329,14.082955,0.000378,0.0,auto
2025-08-20T23:54:00.097744,BCHUSDT,BCHUSDT,sell,0.00134731,561.75898,0.000378,0.0,auto
2025-08-20T23:54:11.217189,ETHUSDT,ETHUSDT,sell,2.17e-06,4361.847985,5e-06,0.0,auto
2025-08-20T23:54:11.218220,BTCUSDT,BTCUSDT,sell,8e-08,114470.3362,5e-06,0.0,auto
2025-08-20T23:54:11.218220,SOLUSDT,SOLUSDT,sell,5.052e-05,187.176365,5e-06,0.0,auto
2025-08-20T23:54:11.218220,XRPUSDT,XRPUSDT,sell,0.00318781,2.966616,5e-06,0.0,auto
2025-08-20T23:54:11.219255,LINKUSDT,LINKUSDT,sell,0.00035518,26.62568,5e-06,0.0,auto
2025-08-20T23:54:11.219255,DOGEUSDT,DOGEUSDT,sell,0.04250944,0.222469,5e-06,0.0,auto
2025-08-20T23:54:11.220293,ADAUSDT,ADAUSDT,sell,0.01068159,0.885357,5e-06,0.0,auto
2025-08-20T23:54:11.220293,API3USDT,API3USDT,buy,0.0065276,1.450225,5e-06,0.0,auto
2025-08-20T23:54:11.220293,BNBUSDT,BNBUSDT,sell,1.08e-05,875.651955,5e-06,0.0,auto
2025-08-20T23:54:11.221334,BIOUSDT,BIOUSDT,sell,0.06356995,0.148766,5e-06,0.0,auto
2025-08-20T23:54:11.221334,SUIUSDT,SUIUSDT,sell,0.00264687,3.572913,5e-06,0.0,auto
2025-08-20T23:54:11.221334,ENAUSDT,ENAUSDT,sell,0.01433381,0.65977,5e-06,0.0,auto
2025-08-20T23:54:11.222447,1000PEPEUSDT,1000PEPEUSDT,sell,0.88458164,0.010691,5e-06,0.0,auto
2025-08-20T23:54:11.222447,MEMEUSDT,MEMEUSDT,sell,3.29448142,0.002871,5e-06,0.0,auto
2025-08-20T23:54:11.222447,AIOTUSDT,AIOTUSDT,buy,0.00564813,1.676038,5e-06,0.0,auto
2025-08-20T23:54:11.223495,ARBUSDT,ARBUSDT,sell,0.01837947,0.514543,5e-06,0.0,auto
2025-08-20T23:54:11.223495,AVAXUSDT,AVAXUSDT,sell,0.00040211,23.518235,5e-06,0.0,auto
2025-08-20T23:54:11.223495,FARTCOINUSDT,FARTCOINUSDT,sell,0.01025219,0.922439,5e-06,0.0,auto
2025-08-20T23:54:11.224499,PENGUUSDT,PENGUUSDT,sell,0.29465761,0.032095,5e-06,0.0,auto
2025-08-20T23:54:11.224499,HYPEUSDT,HYPEUSDT,sell,0.00021893,43.196391,5e-06,0.0,auto
2025-08-20T23:54:11.225587,LTCUSDT,LTCUSDT,sell,8.115e-05,116.5417,5e-06,0.0,auto
2025-08-20T23:54:11.225587,PUMPUSDT,PUMPUSDT,sell,2.96885806,0.003185,5e-06,0.0,auto
2025-08-20T23:54:11.225587,OGNUSDT,OGNUSDT,sell,0.12083973,0.078261,5e-06,0.0,auto
2025-08-20T23:54:11.226633,WIFUSDT,WIFUSDT,sell,0.01083076,0.873163,5e-06,0.0,auto
2025-08-20T23:54:11.226633,MYXUSDT,MYXUSDT,buy,0.00872775,1.084642,5e-06,0.0,auto
2025-08-20T23:54:11.227671,CFXUSDT,CFXUSDT,sell,0.05068433,0.186587,5e-06,0.0,auto
2025-08-20T23:54:11.227671,AAVEUSDT,AAVEUSDT,sell,3.166e-05,298.75055,5e-06,0.0,auto
2025-08-20T23:54:11.228710,TRXUSDT,TRXUSDT,sell,0.02663481,0.355062,5e-06,0.0,auto
2025-08-20T23:54:11.228710,TRUMPUSDT,TRUMPUSDT,sell,0.00105967,8.924536,5e-06,0.0,auto
2025-08-20T23:54:11.228710,UNIUSDT,UNIUSDT,sell,0.00088693,10.662666,5e-06,0.0,auto
2025-08-20T23:54:11.229735,LDOUSDT,LDOUSDT,sell,0.00710982,1.330135,5e-06,0.0,auto
2025-08-20T23:54:11.229735,1000BONKUSDT,1000BONKUSDT,sell,0.42296605,0.022359,5e-06,0.0,auto
2025-08-20T23:54:11.229735,UMAUSDT,UMAUSDT,buy,0.00653887,1.447724,5e-06,0.0,auto
2025-08-20T23:54:11.230760,XNYUSDT,XNYUSDT,sell,0.89863716,0.010524,5e-06,0.0,auto
2025-08-20T23:54:11.230760,DOTUSDT,DOTUSDT,sell,0.00242671,3.897051,5e-06,0.0,auto
2025-08-20T23:54:11.230760,SAPIENUSDT,SAPIENUSDT,buy,0.03866674,0.244822,5e-06,0.0,auto
2025-08-20T23:54:11.231790,CRVUSDT,CRVUSDT,sell,0.01071546,0.882559,5e-06,0.0,auto
2025-08-20T23:54:11.231790,OPUSDT,OPUSDT,sell,0.01299513,0.727736,5e-06,0.0,auto
2025-08-20T23:54:11.231790,XLMUSDT,XLMUSDT,sell,0.02327614,0.406297,5e-06,0.0,auto
2025-08-20T23:54:11.231790,SEIUSDT,SEIUSDT,sell,0.03068013,0.308246,5e-06,0.0,auto
2025-08-20T23:54:11.232823,NEARUSDT,NEARUSDT,sell,0.00370904,2.549724,5e-06,0.0,auto
2025-08-20T23:54:11.232823,WLDUSDT,WLDUSDT,sell,0.00982223,0.962818,5e-06,0.0,auto
2025-08-20T23:54:11.232823,HBARUSDT,HBARUSDT,sell,0.03902557,0.242329,5e-06,0.0,auto
2025-08-20T23:54:11.233855,MUSDT,MUSDT,sell,0.02109643,0.448276,5e-06,0.0,auto
2025-08-20T23:54:11.233855,PROVEUSDT,PROVEUSDT,sell,0.00801436,1.18001,5e-06,0.0,auto
2025-08-20T23:54:11.233855,HYPERUSDT,HYPERUSDT,sell,0.02708,0.349225,5e-06,0.0,auto
2025-08-20T23:54:11.234887,FILUSDT,FILUSDT,sell,0.00387142,2.442778,5e-06,0.0,auto
2025-08-20T23:54:11.234887,1000SHIBUSDT,1000SHIBUSDT,sell,0.74980194,0.012613,5e-06,0.0,auto
2025-08-20T23:54:11.234887,INJUSDT,INJUSDT,sell,0.00067152,14.082955,5e-06,0.0,auto
2025-08-20T23:54:11.235920,BCHUSDT,BCHUSDT,sell,1.683e-05,561.75898,5e-06,0.0,auto
2025-08-20T23:54:22.393212,ETHUSDT,ETHUSDT,sell,3e-08,4361.847985,0.0,0.0,auto
2025-08-20T23:54:22.393779,BTCUSDT,BTCUSDT,sell,0.0,114470.3362,0.0,0.0,auto
2025-08-20T23:54:22.393779,SOLUSDT,SOLUSDT,sell,6.3e-07,187.176365,0.0,0.0,auto
2025-08-20T23:54:22.394373,XRPUSDT,XRPUSDT,sell,3.983e-05,2.966616,0.0,0.0,auto
2025-08-20T23:54:22.394910,LINKUSDT,LINKUSDT,sell,4.44e-06,26.62568,0.0,0.0,auto
2025-08-20T23:54:22.395447,DOGEUSDT,DOGEUSDT,sell,0.00053116,0.222469,0.0,0.0,auto
2025-08-20T23:54:22.395447,ADAUSDT,ADAUSDT,sell,0.00013347,0.885357,0.0,0.0,auto
2025-08-20T23:54:22.395985,API3USDT,API3USDT,buy,8.156e-05,1.450225,0.0,0.0,auto
2025-08-20T23:54:22.396561,BNBUSDT,BNBUSDT,sell,1.3e-07,875.651955,0.0,0.0,auto
2025-08-20T23:54:22.396561,BIOUSDT,BIOUSDT,sell,0.00079431,0.148766,0.0,0.0,auto
2025-08-20T23:54:22.397162,SUIUSDT,SUIUSDT,sell,3.307e-05,3.572913,0.0,0.0,auto
2025-08-20T23:54:22.397162,ENAUSDT,ENAUSDT,sell,0.0001791,0.65977,0.0,0.0,auto
2025-08-20T23:54:22.397728,1000PEPEUSDT,1000PEPEUSDT,sell,0.01105285,0.010691,0.0,0.0,auto
2025-08-20T23:54:22.398309,MEMEUSDT,MEMEUSDT,sell,0.04116455,0.002871,0.0,0.0,auto
2025-08-20T23:54:22.398309,AIOTUSDT,AIOTUSDT,buy,7.057e-05,1.676038,0.0,0.0,auto
2025-08-20T23:54:22.398881,ARBUSDT,ARBUSDT,sell,0.00022965,0.514543,0.0,0.0,auto
2025-08-20T23:54:22.398881,AVAXUSDT,AVAXUSDT,sell,5.02e-06,23.518235,0.0,0.0,auto
2025-08-20T23:54:22.399446,FARTCOINUSDT,FARTCOINUSDT,sell,0.0001281,0.922439,0.0,0.0,auto
2025-08-20T23:54:22.399446,PENGUUSDT,PENGUUSDT,sell,0.00368175,0.032095,0.0,0.0,auto
2025-08-20T23:54:22.400008,HYPEUSDT,HYPEUSDT,sell,2.74e-06,43.196391,0.0,0.0,auto
2025-08-20T23:54:22.400564,LTCUSDT,LTCUSDT,sell,1.01e-06,116.5417,0.0,0.0,auto
2025-08-20T23:54:22.400564,PUMPUSDT,PUMPUSDT,sell,0.03709588,0.003185,0.0,0.0,auto
2025-08-20T23:54:22.401159,OGNUSDT,OGNUSDT,sell,0.00150989,0.078261,0.0,0.0,auto
2025-08-20T23:54:22.401159,WIFUSDT,WIFUSDT,sell,0.00013533,0.873163,0.0,0.0,auto
2025-08-20T23:54:22.401760,MYXUSDT,MYXUSDT,buy,0.00010905,1.084642,0.0,0.0,auto
2025-08-20T23:54:22.402315,CFXUSDT,CFXUSDT,sell,0.0006333,0.186587,0.0,0.0,auto
2025-08-20T23:54:22.402315,AAVEUSDT,AAVEUSDT,sell,4e-07,298.75055,0.0,0.0,auto
2025-08-20T23:54:22.402895,TRXUSDT,TRXUSDT,sell,0.0003328,0.355062,0.0,0.0,auto
2025-08-20T23:54:22.402895,TRUMPUSDT,TRUMPUSDT,sell,1.324e-05,8.924536,0.0,0.0,auto
2025-08-20T23:54:22.403478,UNIUSDT,UNIUSDT,sell,1.108e-05,10.662666,0.0,0.0,auto
2025-08-20T23:54:22.403478,LDOUSDT,LDOUSDT,sell,8.884e-05,1.330135,0.0,0.0,auto
2025-08-20T23:54:22.404046,1000BONKUSDT,1000BONKUSDT,sell,0.00528496,0.022359,0.0,0.0,auto
2025-08-20T23:54:22.404625,UMAUSDT,UMAUSDT,buy,8.17e-05,1.447724,0.0,0.0,auto
2025-08-20T23:54:22.404625,XNYUSDT,XNYUSDT,sell,0.01122847,0.010524,0.0,0.0,auto
2025-08-20T23:54:22.405184,DOTUSDT,DOTUSDT,sell,3.032e-05,3.897051,0.0,0.0,auto
2025-08-20T23:54:22.405778,SAPIENUSDT,SAPIENUSDT,buy,0.00048314,0.244822,0.0,0.0,auto
2025-08-20T23:54:22.405778,CRVUSDT,CRVUSDT,sell,0.00013389,0.882559,0.0,0.0,auto
2025-08-20T23:54:22.406340,OPUSDT,OPUSDT,sell,0.00016237,0.727736,0.0,0.0,auto
2025-08-20T23:54:22.406340,XLMUSDT,XLMUSDT,sell,0.00029084,0.406297,0.0,0.0,auto
2025-08-20T23:54:22.406340,SEIUSDT,SEIUSDT,sell,0.00038335,0.308246,0.0,0.0,auto
2025-08-20T23:54:22.407436,NEARUSDT,NEARUSDT,sell,4.634e-05,2.549724,0.0,0.0,auto
2025-08-20T23:54:22.407436,WLDUSDT,WLDUSDT,sell,0.00012273,0.962818,0.0,0.0,auto
2025-08-20T23:54:22.407436,HBARUSDT,HBARUSDT,sell,0.00048762,0.242329,0.0,0.0,auto
2025-08-20T23:54:22.408481,MUSDT,MUSDT,sell,0.0002636,0.448276,0.0,0.0,auto
2025-08-20T23:54:22.408481,PROVEUSDT,PROVEUSDT,sell,0.00010014,1.18001,0.0,0.0,auto
2025-08-20T23:54:22.408481,HYPERUSDT,HYPERUSDT,sell,0.00033836,0.349225,0.0,0.0,auto
2025-08-20T23:54:22.409524,FILUSDT,FILUSDT,sell,4.837e-05,2.442778,0.0,0.0,auto
2025-08-20T23:54:22.409524,1000SHIBUSDT,1000SHIBUSDT,sell,0.00936878,0.012613,0.0,0.0,auto
2025-08-20T23:54:22.409524,INJUSDT,INJUSDT,sell,8.39e-06,14.082955,0.0,0.0,auto
2025-08-20T23:54:22.410563,BCHUSDT,BCHUSDT,sell,2.1e-07,561.75898,0.0,0.0,auto
2025-08-20T23:54:33.391315,SOLUSDT,SOLUSDT,sell,1e-08,187.176365,0.0,0.0,auto
2025-08-20T23:54:33.392346,XRPUSDT,XRPUSDT,sell,5e-07,2.966616,0.0,0.0,auto
2025-08-20T23:54:33.392346,LINKUSDT,LINKUSDT,sell,6e-08,26.62568,0.0,0.0,auto
2025-08-20T23:54:33.392346,DOGEUSDT,DOGEUSDT,sell,6.64e-06,0.222469,0.0,0.0,auto
2025-08-20T23:54:33.393379,ADAUSDT,ADAUSDT,sell,1.67e-06,0.885357,0.0,0.0,auto
2025-08-20T23:54:33.393379,API3USDT,API3USDT,buy,1.02e-06,1.450225,0.0,0.0,auto
2025-08-20T23:54:33.394398,BNBUSDT,BNBUSDT,sell,0.0,875.651955,0.0,0.0,auto
2025-08-20T23:54:33.394398,BIOUSDT,BIOUSDT,sell,9.92e-06,0.148766,0.0,0.0,auto
2025-08-20T23:54:33.394398,SUIUSDT,SUIUSDT,sell,4.1e-07,3.572913,0.0,0.0,auto
2025-08-20T23:54:33.395471,ENAUSDT,ENAUSDT,sell,2.24e-06,0.65977,0.0,0.0,auto
2025-08-20T23:54:33.395471,1000PEPEUSDT,1000PEPEUSDT,sell,0.00013811,0.010691,0.0,0.0,auto
2025-08-20T23:54:33.396504,MEMEUSDT,MEMEUSDT,sell,0.00051435,0.002871,0.0,0.0,auto
2025-08-20T23:54:33.396504,AIOTUSDT,AIOTUSDT,buy,8.8e-07,1.676038,0.0,0.0,auto
2025-08-20T23:54:33.396504,ARBUSDT,ARBUSDT,sell,2.87e-06,0.514543,0.0,0.0,auto
2025-08-20T23:54:33.397543,AVAXUSDT,AVAXUSDT,sell,6e-08,23.518235,0.0,0.0,auto
2025-08-20T23:54:33.397543,FARTCOINUSDT,FARTCOINUSDT,sell,1.6e-06,0.922439,0.0,0.0,auto
2025-08-20T23:54:33.397543,PENGUUSDT,PENGUUSDT,sell,4.6e-05,0.032095,0.0,0.0,auto
2025-08-20T23:54:33.398597,HYPEUSDT,HYPEUSDT,sell,3e-08,43.196391,0.0,0.0,auto
2025-08-20T23:54:33.398597,LTCUSDT,LTCUSDT,sell,1e-08,116.5417,0.0,0.0,auto
2025-08-20T23:54:33.398597,PUMPUSDT,PUMPUSDT,sell,0.00046351,0.003185,0.0,0.0,auto
2025-08-20T23:54:33.399576,OGNUSDT,OGNUSDT,sell,1.887e-05,0.078261,0.0,0.0,auto
2025-08-20T23:54:33.400080,WIFUSDT,WIFUSDT,sell,1.69e-06,0.873163,0.0,0.0,auto
2025-08-20T23:54:33.400080,MYXUSDT,MYXUSDT,buy,1.36e-06,1.084642,0.0,0.0,auto
2025-08-20T23:54:33.400620,CFXUSDT,CFXUSDT,sell,7.91e-06,0.186587,0.0,0.0,auto
2025-08-20T23:54:33.401160,AAVEUSDT,AAVEUSDT,sell,0.0,298.75055,0.0,0.0,auto
2025-08-20T23:54:33.401160,TRXUSDT,TRXUSDT,sell,4.16e-06,0.355062,0.0,0.0,auto
2025-08-20T23:54:33.401722,TRUMPUSDT,TRUMPUSDT,sell,1.7e-07,8.924536,0.0,0.0,auto
2025-08-20T23:54:33.401722,UNIUSDT,UNIUSDT,sell,1.4e-07,10.662666,0.0,0.0,auto
2025-08-20T23:54:33.402287,LDOUSDT,LDOUSDT,sell,1.11e-06,1.330135,0.0,0.0,auto
2025-08-20T23:54:33.402287,1000BONKUSDT,1000BONKUSDT,sell,6.604e-05,0.022359,0.0,0.0,auto
2025-08-20T23:54:33.402851,UMAUSDT,UMAUSDT,buy,1.02e-06,1.447724,0.0,0.0,auto
2025-08-20T23:54:33.403405,XNYUSDT,XNYUSDT,sell,0.0001403,0.010524,0.0,0.0,auto
2025-08-20T23:54:33.403405,DOTUSDT,DOTUSDT,sell,3.8e-07,3.897051,0.0,0.0,auto
2025-08-20T23:54:33.403969,SAPIENUSDT,SAPIENUSDT,buy,6.04e-06,0.244822,0.0,0.0,auto
2025-08-20T23:54:33.403969,CRVUSDT,CRVUSDT,sell,1.67e-06,0.882559,0.0,0.0,auto
2025-08-20T23:54:33.404534,OPUSDT,OPUSDT,sell,2.03e-06,0.727736,0.0,0.0,auto
2025-08-20T23:54:33.405100,XLMUSDT,XLMUSDT,sell,3.63e-06,0.406297,0.0,0.0,auto
2025-08-20T23:54:33.405100,SEIUSDT,SEIUSDT,sell,4.79e-06,0.308246,0.0,0.0,auto
2025-08-20T23:54:33.405669,NEARUSDT,NEARUSDT,sell,5.8e-07,2.549724,0.0,0.0,auto
2025-08-20T23:54:33.405669,WLDUSDT,WLDUSDT,sell,1.53e-06,0.962818,0.0,0.0,auto
2025-08-20T23:54:33.406233,HBARUSDT,HBARUSDT,sell,6.09e-06,0.242329,0.0,0.0,auto
2025-08-20T23:54:33.406801,MUSDT,MUSDT,sell,3.29e-06,0.448276,0.0,0.0,auto
2025-08-20T23:54:33.406801,PROVEUSDT,PROVEUSDT,sell,1.25e-06,1.18001,0.0,0.0,auto
2025-08-20T23:54:33.407356,HYPERUSDT,HYPERUSDT,sell,4.23e-06,0.349225,0.0,0.0,auto
2025-08-20T23:54:33.407356,FILUSDT,FILUSDT,sell,6e-07,2.442778,0.0,0.0,auto
2025-08-20T23:54:33.407911,1000SHIBUSDT,1000SHIBUSDT,sell,0.00011706,0.012613,0.0,0.0,auto
2025-08-20T23:54:33.407911,INJUSDT,INJUSDT,sell,1e-07,14.082955,0.0,0.0,auto
2025-08-20T23:54:33.408501,BCHUSDT,BCHUSDT,sell,0.0,561.75898,0.0,0.0,auto
2025-08-20T23:54:44.461373,XRPUSDT,XRPUSDT,sell,1e-08,2.966616,0.0,0.0,auto
2025-08-20T23:54:44.461373,DOGEUSDT,DOGEUSDT,sell,8e-08,0.222469,0.0,0.0,auto
2025-08-20T23:54:44.462406,ADAUSDT,ADAUSDT,sell,2e-08,0.885357,0.0,0.0,auto
2025-08-20T23:54:44.462406,API3USDT,API3USDT,buy,1e-08,1.450225,0.0,0.0,auto
2025-08-20T23:54:44.462406,BIOUSDT,BIOUSDT,sell,1.2e-07,0.148766,0.0,0.0,auto
2025-08-20T23:54:44.463479,SUIUSDT,SUIUSDT,sell,0.0,3.572913,0.0,0.0,auto
2025-08-20T23:54:44.463479,ENAUSDT,ENAUSDT,sell,3e-08,0.65977,0.0,0.0,auto
2025-08-20T23:54:44.463479,1000PEPEUSDT,1000PEPEUSDT,sell,1.66e-06,0.010691,0.0,0.0,auto
2025-08-20T23:54:44.464510,MEMEUSDT,MEMEUSDT,sell,6.17e-06,0.002871,0.0,0.0,auto
2025-08-20T23:54:44.464510,AIOTUSDT,AIOTUSDT,buy,1e-08,1.676038,0.0,0.0,auto
2025-08-20T23:54:44.465595,ARBUSDT,ARBUSDT,sell,3e-08,0.514543,0.0,0.0,auto
2025-08-20T23:54:44.465595,FARTCOINUSDT,FARTCOINUSDT,sell,2e-08,0.922439,0.0,0.0,auto
2025-08-20T23:54:44.465595,PENGUUSDT,PENGUUSDT,sell,5.5e-07,0.032095,0.0,0.0,auto
2025-08-20T23:54:44.466627,PUMPUSDT,PUMPUSDT,sell,5.56e-06,0.003185,0.0,0.0,auto
2025-08-20T23:54:44.466627,OGNUSDT,OGNUSDT,sell,2.3e-07,0.078261,0.0,0.0,auto
2025-08-20T23:54:44.466627,WIFUSDT,WIFUSDT,sell,2e-08,0.873163,0.0,0.0,auto
2025-08-20T23:54:44.467678,MYXUSDT,MYXUSDT,buy,2e-08,1.084642,0.0,0.0,auto
2025-08-20T23:54:44.467678,CFXUSDT,CFXUSDT,sell,9e-08,0.186587,0.0,0.0,auto
2025-08-20T23:54:44.467678,TRXUSDT,TRXUSDT,sell,5e-08,0.355062,0.0,0.0,auto
2025-08-20T23:54:44.468726,TRUMPUSDT,TRUMPUSDT,sell,0.0,8.924536,0.0,0.0,auto
2025-08-20T23:54:44.468726,UNIUSDT,UNIUSDT,sell,0.0,10.662666,0.0,0.0,auto
2025-08-20T23:54:44.468726,LDOUSDT,LDOUSDT,sell,1e-08,1.330135,0.0,0.0,auto
2025-08-20T23:54:44.469760,1000BONKUSDT,1000BONKUSDT,sell,7.9e-07,0.022359,0.0,0.0,auto
2025-08-20T23:54:44.469760,UMAUSDT,UMAUSDT,buy,1e-08,1.447724,0.0,0.0,auto
2025-08-20T23:54:44.469760,XNYUSDT,XNYUSDT,sell,1.68e-06,0.010524,0.0,0.0,auto
2025-08-20T23:54:44.470792,DOTUSDT,DOTUSDT,sell,0.0,3.897051,0.0,0.0,auto
2025-08-20T23:54:44.470792,SAPIENUSDT,SAPIENUSDT,buy,7e-08,0.244822,0.0,0.0,auto
2025-08-20T23:54:44.470792,CRVUSDT,CRVUSDT,sell,2e-08,0.882559,0.0,0.0,auto
2025-08-20T23:54:44.471824,OPUSDT,OPUSDT,sell,2e-08,0.727736,0.0,0.0,auto
2025-08-20T23:54:44.471824,XLMUSDT,XLMUSDT,sell,4e-08,0.406297,0.0,0.0,auto
2025-08-20T23:54:44.471824,SEIUSDT,SEIUSDT,sell,6e-08,0.308246,0.0,0.0,auto
2025-08-20T23:54:44.472856,NEARUSDT,NEARUSDT,sell,1e-08,2.549724,0.0,0.0,auto
2025-08-20T23:54:44.472856,WLDUSDT,WLDUSDT,sell,2e-08,0.962818,0.0,0.0,auto
2025-08-20T23:54:44.472856,HBARUSDT,HBARUSDT,sell,7e-08,0.242329,0.0,0.0,auto
2025-08-20T23:54:44.472856,MUSDT,MUSDT,sell,4e-08,0.448276,0.0,0.0,auto
2025-08-20T23:54:44.472856,PROVEUSDT,PROVEUSDT,sell,2e-08,1.18001,0.0,0.0,auto
2025-08-20T23:54:44.474401,HYPERUSDT,HYPERUSDT,sell,5e-08,0.349225,0.0,0.0,auto
2025-08-20T23:54:44.474401,FILUSDT,FILUSDT,sell,1e-08,2.442778,0.0,0.0,auto
2025-08-20T23:54:44.475439,1000SHIBUSDT,1000SHIBUSDT,sell,1.4e-06,0.012613,0.0,0.0,auto
2025-08-20T23:54:44.475439,INJUSDT,INJUSDT,sell,0.0,14.082955,0.0,0.0,auto
2025-08-20T23:54:55.456473,BIOUSDT,BIOUSDT,sell,0.0,0.148766,0.0,0.0,auto
2025-08-20T23:54:55.456473,1000PEPEUSDT,1000PEPEUSDT,sell,2e-08,0.010691,0.0,0.0,auto
2025-08-20T23:54:55.457507,MEMEUSDT,MEMEUSDT,sell,6e-08,0.002871,0.0,0.0,auto
2025-08-20T23:54:55.457507,PENGUUSDT,PENGUUSDT,sell,1e-08,0.032095,0.0,0.0,auto
2025-08-20T23:54:55.457507,PUMPUSDT,PUMPUSDT,sell,6e-08,0.003185,0.0,0.0,auto
2025-08-20T23:54:55.458554,OGNUSDT,OGNUSDT,sell,0.0,0.078261,0.0,0.0,auto
2025-08-20T23:54:55.458554,1000BONKUSDT,1000BONKUSDT,sell,1e-08,0.022359,0.0,0.0,auto
2025-08-20T23:54:55.459588,XNYUSDT,XNYUSDT,sell,2e-08,0.010524,0.0,0.0,auto
2025-08-20T23:54:55.459588,1000SHIBUSDT,1000SHIBUSDT,sell,1e-08,0.012613,0.0,0.0,auto
