"symbol","tf","ts_missing_start","ts_missing_end","missing_n"
"ETHUSDT","1h","1755651599","1755737999","25"
"BTCUSDT","1h","1755651599","1755737999","25"
"SOLUSDT","1h","1755651599","1755737999","25"
"XRPUSDT","1h","1755651599","1755737999","25"
"LINKUSDT","1h","1755651599","1755737999","25"
"DOGEUSDT","1h","1755651599","1755737999","25"
"ADAUSDT","1h","1755651599","1755737999","25"
"API3USDT","1h","1755651599","1755737999","25"
"BNBUSDT","1h","1755651599","1755737999","25"
"BIOUSDT","1h","1755651599","1755737999","25"
"SUIUSDT","1h","1755651599","1755737999","25"
"ENAUSDT","1h","1755651599","1755737999","25"
"1000PEPEUSDT","1h","1755651599","1755737999","25"
"MEMEUSDT","1h","1755651599","1755737999","25"
"AIOTUSDT","1h","1755651599","1755737999","25"
"ARBUSDT","1h","1755651599","1755737999","25"
"AVAXUSDT","1h","1755651599","1755737999","25"
"FARTCOINUSDT","1h","1755651599","1755737999","25"
"PENGUUSDT","1h","1755651599","1755737999","25"
"HYPEUSDT","1h","1755651599","1755737999","25"
"LTCUSDT","1h","1755651599","1755737999","25"
"PUMPUSDT","1h","1755651599","1755737999","25"
"OGNUSDT","1h","1755651599","1755737999","25"
"WIFUSDT","1h","1755651599","1755737999","25"
"MYXUSDT","1h","1755651599","1755737999","25"
"CFXUSDT","1h","1755651599","1755737999","25"
"AAVEUSDT","1h","1755651599","1755737999","25"
"TRXUSDT","1h","1755651599","1755737999","25"
"TRUMPUSDT","1h","1755651599","1755737999","25"
"UNIUSDT","1h","1755651599","1755737999","25"
"LDOUSDT","1h","1755651599","1755737999","25"
"1000BONKUSDT","1h","1755651599","1755737999","25"
"UMAUSDT","1h","1755651599","1755737999","25"
"XNYUSDT","1h","1755651599","1755737999","25"
"DOTUSDT","1h","1755651599","1755737999","25"
"SAPIENUSDT","1h","1755712799","1755737999","8"
"CRVUSDT","1h","1755651599","1755737999","25"
"OPUSDT","1h","1755651599","1755737999","25"
"XLMUSDT","1h","1755651599","1755737999","25"
"SEIUSDT","1h","1755651599","1755737999","25"
"NEARUSDT","1h","1755651599","1755737999","25"
"WLDUSDT","1h","1755651599","1755737999","25"
"HBARUSDT","1h","1755651599","1755737999","25"
"MUSDT","1h","1755651599","1755737999","25"
"PROVEUSDT","1h","1755651599","1755737999","25"
"HYPERUSDT","1h","1755651599","1755737999","25"
"FILUSDT","1h","1755651599","1755737999","25"
"1000SHIBUSDT","1h","1755651599","1755737999","25"
"INJUSDT","1h","1755651599","1755737999","25"
"BCHUSDT","1h","1755651599","1755737999","25"
